direction,0x,0y,1x,1y,2x,2y,3x,3y,4x,4y,5x,5y,6x,6y,7x,7y,8x,8y,9x,9y,10x,10y,11x,11y,12x,12y,13x,13y,14x,14y,15x,15y,16x,16y,17x,17y,18x,18y,19x,19y,20x,20y
1,0.2173159271478653,0.9942143559455872,0.2651805281639099,0.953637421131134,0.2927021384239197,0.8861938714981079,0.2795252799987793,0.8304087519645691,0.24657420814037323,0.7989802956581116,0.26102712750434875,0.7774984836578369,0.2705390155315399,0.6865382790565491,0.2740246057510376,0.6298850774765015,0.27438080310821533,0.5781096816062927,0.21719421446323395,0.7855782508850098,0.2353120893239975,0.7904350161552429,0.24871894717216492,0.8661128282546997,0.2580123245716095,0.918554961681366,0.18108657002449036,0.8098353743553162,0.20978496968746185,0.8353573679924011,0.22814702987670898,0.9006617069244385,0.23906785249710083,0.9475532174110413,0.15030992031097412,0.8418006896972656,0.17664919793605804,0.8553586602210999,0.19848312437534332,0.9032555818557739,0.21139997243881226,0.9368100166320801
1,0.3233949542045593,0.9489136934280396,0.3760736882686615,0.9019431471824646,0.4112846255302429,0.8357205986976624,0.4132964015007019,0.7844303250312805,0.3917020559310913,0.7561899423599243,0.36884886026382446,0.7159671187400818,0.3808308243751526,0.630408525466919,0.38283324241638184,0.5762870907783508,0.3810359835624695,0.5247755646705627,0.32527488470077515,0.7179056406021118,0.3639475703239441,0.7439814209938049,0.37910184264183044,0.8192585706710815,0.3865114450454712,0.8702126741409302,0.29085856676101685,0.7436937093734741,0.34027576446533203,0.7882255911827087,0.3568115234375,0.852637529373169,0.3650193214416504,0.8997520208358765,0.2610335946083069,0.7807307243347168,0.3058522939682007,0.8099384903907776,0.3305174708366394,0.8571459054946899,0.3437376916408539,0.8922033309936523
1,0.3027225732803345,0.8599339723587036,0.36252179741859436,0.7965216636657715,0.39648452401161194,0.7243237495422363,0.39703482389450073,0.6630517840385437,0.3745860755443573,0.6223867535591125,0.35908272862434387,0.627729058265686,0.3759455680847168,0.5473105907440186,0.37942618131637573,0.48511987924575806,0.3848839998245239,0.42882218956947327,0.31932708621025085,0.6277590990066528,0.35668107867240906,0.6205698251724243,0.3702753484249115,0.6870644092559814,0.37795257568359375,0.7436832189559937,0.2836921215057373,0.6460031867027283,0.3273129165172577,0.6605998277664185,0.34086841344833374,0.7249903082847595,0.3476989269256592,0.7769215106964111,0.2520986795425415,0.6772933602333069,0.2933770716190338,0.6788839101791382,0.31244125962257385,0.7281492352485657,0.32079169154167175,0.7743516564369202
1,0.23613204061985016,0.8879420757293701,0.28529348969459534,0.8362603187561035,0.3147021532058716,0.7641295194625854,0.3086494505405426,0.703567624092102,0.2775603234767914,0.6703656315803528,0.2844494879245758,0.6631708145141602,0.29962676763534546,0.5737424492835999,0.30509689450263977,0.5174296498298645,0.3069714307785034,0.4651636481285095,0.2410479187965393,0.6647521257400513,0.2613261342048645,0.6670806407928467,0.27218908071517944,0.7491388320922852,0.2800610065460205,0.8077235221862793,0.20400983095169067,0.6850387454032898,0.2332095354795456,0.7057082653045654,0.2498631477355957,0.7753569483757019,0.26080381870269775,0.8270013332366943,0.1709042489528656,0.715337336063385,0.19795900583267212,0.7243307828903198,0.22165444493293762,0.7730303406715393,0.23748864233493805,0.8089722394943237
1,0.15042807161808014,0.8857490420341492,0.1928335428237915,0.8331713080406189,0.21059592068195343,0.764761209487915,0.19238662719726562,0.7021978497505188,0.15882885456085205,0.6610915660858154,0.1969144642353058,0.6735696792602539,0.20635861158370972,0.5809412598609924,0.21148651838302612,0.5246729850769043,0.21376943588256836,0.4755270183086395,0.15755735337734222,0.685876190662384,0.15439632534980774,0.6670511960983276,0.16447430849075317,0.7383585572242737,0.17451211810112,0.7852703332901001,0.12355485558509827,0.7097005248069763,0.1260986328125,0.7108936309814453,0.1453486979007721,0.7751071453094482,0.1589772254228592,0.8144072890281677,0.09386255592107773,0.7394746541976929,0.09789218008518219,0.7286494374275208,0.11560584604740143,0.7742120027542114,0.12784606218338013,0.8025774359703064
1,0.10493172705173492,0.8888318538665771,0.13547353446483612,0.8240694403648376,0.13782921433448792,0.7537636160850525,0.11379414796829224,0.6989545822143555,0.08725777268409729,0.6742725372314453,0.14127926528453827,0.6739391088485718,0.14999601244926453,0.5772351026535034,0.15793928503990173,0.521889328956604,0.16591639816761017,0.47215381264686584,0.10581512749195099,0.691644549369812,0.09616122394800186,0.6581768989562988,0.10229390859603882,0.7190852761268616,0.11189635097980499,0.738161027431488,0.07231749594211578,0.715140700340271,0.06736841797828674,0.7011807560920715,0.08437133580446243,0.7518194913864136,0.0964401364326477,0.7626175880432129,0.04317657649517059,0.7413588762283325,0.042828939855098724,0.7302022576332092,0.06055017560720444,0.7685785889625549,0.07116039097309113,0.7790268063545227
1,0.16300681233406067,0.9533980488777161,0.19655528664588928,0.9366211891174316,0.21080154180526733,0.9002259373664856,0.1873510479927063,0.8738905191421509,0.16377884149551392,0.8526888489723206,0.21356841921806335,0.8173538446426392,0.2198154330253601,0.7241193652153015,0.2198476791381836,0.6715051531791687,0.2193569839000702,0.6276112198829651,0.18100212514400482,0.8269206881523132,0.16406269371509552,0.8166647553443909,0.16321974992752075,0.8573722243309021,0.17087602615356445,0.8804417848587036,0.1508921980857849,0.851799488067627,0.13164366781711578,0.8629456758499146,0.14027099311351776,0.9020946621894836,0.15217378735542297,0.9235619306564331,0.12837544083595276,0.8790436387062073,0.11204522103071213,0.8822037577629089,0.12077326327562332,0.9111139178276062,0.13065317273139954,0.9290006160736084
1,0.34377583861351013,1.022532343864441,0.39991533756256104,0.9852361679077148,0.4366346299648285,0.9344959259033203,0.4485939145088196,0.8912342190742493,0.4297776520252228,0.8595063090324402,0.38909152150154114,0.7991210222244263,0.3967077136039734,0.7186627984046936,0.3997301161289215,0.6629959344863892,0.3996792137622833,0.6150435209274292,0.34305045008659363,0.8047457337379456,0.3826339840888977,0.84299635887146,0.4066634178161621,0.9124590754508972,0.41711968183517456,0.9582191705703735,0.3085750937461853,0.8386359810829163,0.35723286867141724,0.8942016959190369,0.38242506980895996,0.9510804414749146,0.39387568831443787,0.9930821657180786,0.2813756763935089,0.8856608271598816,0.31712350249290466,0.9197699427604675,0.34514251351356506,0.9602527618408203,0.3618182837963104,0.9899107217788696
1,0.6569689512252808,1.0039151906967163,0.7153060436248779,0.9668841361999512,0.753201961517334,0.904888927936554,0.7792739272117615,0.8592275381088257,0.8083109259605408,0.8165895938873291,0.6882658004760742,0.7838024497032166,0.6911065578460693,0.7036511301994324,0.6895840764045715,0.641166090965271,0.6876920461654663,0.586501955986023,0.656474232673645,0.7883766889572144,0.7480502128601074,0.7998148202896118,0.7801573276519775,0.864604651927948,0.7833012342453003,0.914849579334259,0.6421903371810913,0.8134509325027466,0.7392045855522156,0.8580904603004456,0.7534892559051514,0.9219087362289429,0.7457314133644104,0.9659364223480225,0.6400019526481628,0.8529817461967468,0.7146108746528625,0.8860798478126526,0.7280858159065247,0.9309514164924622,0.719795286655426,0.966761589050293
1,0.7154029011726379,0.9549157619476318,0.7819376587867737,0.8959258198738098,0.8172889947891235,0.8297838568687439,0.8496779203414917,0.7820992469787598,0.8758093118667603,0.7432264685630798,0.7412240505218506,0.725592315196991,0.7422924041748047,0.6441810727119446,0.7492198944091797,0.5818642377853394,0.7567306160926819,0.530574381351471,0.7206624746322632,0.7343297004699707,0.8207681775093079,0.7365020513534546,0.8418062329292297,0.8001315593719482,0.8321021199226379,0.8404006958007812,0.7193220257759094,0.7583989500999451,0.8224812150001526,0.7770342826843262,0.8306185007095337,0.8386675715446472,0.8152906894683838,0.8765163421630859,0.7286840677261353,0.7922816276550293,0.8124017119407654,0.8102816343307495,0.824169397354126,0.8577262163162231,0.811288595199585,0.8915472626686096
1,0.7948227524757385,0.8972514271736145,0.7749269008636475,0.8143680095672607,0.7825851440429688,0.7490531802177429,0.8060780167579651,0.712809681892395,0.8290007710456848,0.6969476342201233,0.7948060631752014,0.6769154667854309,0.804246187210083,0.5775923132896423,0.8128315210342407,0.5231916308403015,0.8215296268463135,0.484019011259079,0.8365435004234314,0.6918286681175232,0.8448317646980286,0.6905542612075806,0.8352550864219666,0.7257084846496582,0.8234368562698364,0.743586003780365,0.8712502717971802,0.7222675681114197,0.8715323805809021,0.7297675013542175,0.8574567437171936,0.7609021067619324,0.8445677757263184,0.7802666425704956,0.9028120636940002,0.7555357813835144,0.8980334997177124,0.7551466822624207,0.8838582634925842,0.784828245639801,0.8733541965484619,0.8060759902000427
1,0.7750754356384277,0.9499644041061401,0.7494121193885803,0.8819779753684998,0.7567315101623535,0.8183116912841797,0.7824544906616211,0.78980553150177,0.8023427128791809,0.7828419804573059,0.7744096517562866,0.7627597451210022,0.7867793440818787,0.674300491809845,0.7920084595680237,0.6204395294189453,0.7967464923858643,0.5763408541679382,0.813035786151886,0.7851970791816711,0.8227882981300354,0.7683805823326111,0.8116850852966309,0.7984392046928406,0.7996832728385925,0.8144351840019226,0.8438819646835327,0.8171241879463196,0.8471013903617859,0.8144879341125488,0.8317057490348816,0.8391238451004028,0.819242537021637,0.8555247187614441,0.8713151812553406,0.8507197499275208,0.8750947117805481,0.8422605395317078,0.8602851629257202,0.8624671697616577,0.8479890823364258,0.8788116574287415
1,0.3318058252334595,0.9517558813095093,0.3749316334724426,0.9011020660400391,0.4069485664367676,0.8415803909301758,0.44292452931404114,0.8040707111358643,0.4673352539539337,0.773558497428894,0.3418360948562622,0.759037971496582,0.35128509998321533,0.6761760711669922,0.35653480887413025,0.6130807995796204,0.35995417833328247,0.5611624717712402,0.33587899804115295,0.7762361764907837,0.42555758357048035,0.7642505764961243,0.4300461411476135,0.8107041120529175,0.4086131453514099,0.8292762041091919,0.3466677665710449,0.8038462400436401,0.4373363256454468,0.809260368347168,0.42754197120666504,0.8500702381134033,0.40205127000808716,0.8601709008216858,0.36548665165901184,0.8345597982406616,0.4364655613899231,0.8481907248497009,0.4294140040874481,0.88374263048172,0.4065724313259125,0.8964751958847046
1,0.8899627923965454,1.0021923780441284,0.8381359577178955,0.9788442254066467,0.7995057106018066,0.9084765911102295,0.8207001686096191,0.8630775213241577,0.870283842086792,0.8462759256362915,0.8314982056617737,0.8047912120819092,0.818583071231842,0.6951586008071899,0.8112367391586304,0.6284481287002563,0.8105607628822327,0.5726340413093567,0.8778035640716553,0.8056667447090149,0.8603481650352478,0.8062326908111572,0.8540975451469421,0.8732600212097168,0.8508899807929993,0.9183666706085205,0.921515941619873,0.8280760049819946,0.900972843170166,0.8448820114135742,0.8838216662406921,0.9113264083862305,0.8706008791923523,0.9587966799736023,0.9631713032722473,0.8644749522209167,0.9431172609329224,0.8667298555374146,0.9196918606758118,0.9118072986602783,0.9036374092102051,0.9487124085426331
1,0.6764828562736511,1.016521692276001,0.6297509670257568,0.9660614728927612,0.5966801643371582,0.8961154222488403,0.5998588800430298,0.8629390001296997,0.6380475163459778,0.8535509705543518,0.652471661567688,0.7919943332672119,0.6472125053405762,0.696215033531189,0.6460992097854614,0.635775625705719,0.6495903730392456,0.5802369713783264,0.6980665922164917,0.8028033971786499,0.6473983526229858,0.839290976524353,0.6241897344589233,0.8969951272010803,0.6147525310516357,0.9315701127052307,0.7312580347061157,0.839054524898529,0.6745026707649231,0.9017671942710876,0.6523804664611816,0.9511104822158813,0.6462186574935913,0.9807624220848083,0.7564377188682556,0.8892565965652466,0.7144325971603394,0.9159629940986633,0.6909375786781311,0.9498282074928284,0.6814329028129578,0.9697287678718567
1,0.447426974773407,0.9610410928726196,0.39460867643356323,0.8985276222229004,0.36186477541923523,0.8292616009712219,0.3431074917316437,0.7811737060546875,0.3536279797554016,0.7578364014625549,0.4335833489894867,0.7254534363746643,0.4325637221336365,0.6448025703430176,0.43198835849761963,0.5864352583885193,0.4330511689186096,0.5313374996185303,0.46719416975975037,0.7317397594451904,0.3916531205177307,0.743977963924408,0.3695162534713745,0.8086093664169312,0.36807936429977417,0.8576979637145996,0.4862433075904846,0.759209156036377,0.4010666310787201,0.7955955862998962,0.3867352604866028,0.8615305423736572,0.38951417803764343,0.9097838401794434,0.4959105849266052,0.7969589233398438,0.4272565543651581,0.8170663118362427,0.40788108110427856,0.8635929822921753,0.4065690338611603,0.9000527858734131
1,0.33112868666648865,0.9192688465118408,0.2681666612625122,0.8589667081832886,0.24408787488937378,0.7980829477310181,0.22222790122032166,0.7538284063339233,0.2061249017715454,0.7234769463539124,0.3017168343067169,0.7048109769821167,0.2945813536643982,0.6257491111755371,0.2908928692340851,0.5758540034294128,0.28947800397872925,0.5331821441650391,0.32077574729919434,0.7069618105888367,0.239937424659729,0.7237511277198792,0.23145267367362976,0.7745117545127869,0.24403437972068787,0.8048714995384216,0.3235725164413452,0.728526771068573,0.24075931310653687,0.7566542625427246,0.2399463951587677,0.8057804107666016,0.25496232509613037,0.8330588936805725,0.31733182072639465,0.7573793530464172,0.24766379594802856,0.7776089310646057,0.24360927939414978,0.8166051506996155,0.25649788975715637,0.842052698135376
1,0.26461148262023926,0.9276373982429504,0.2170805186033249,0.87110835313797,0.1936805248260498,0.8197162747383118,0.166375532746315,0.7856380939483643,0.14643462002277374,0.768098771572113,0.2401883751153946,0.7334440350532532,0.23450139164924622,0.6594405174255371,0.22947250306606293,0.6162300705909729,0.22897008061408997,0.5768625736236572,0.2482425421476364,0.7421137690544128,0.18219006061553955,0.7443315982818604,0.17796435952186584,0.7861671447753906,0.19437162578105927,0.8000591397285461,0.24294017255306244,0.7663012146949768,0.17637720704078674,0.7842767238616943,0.18051892518997192,0.8215788006782532,0.20037223398685455,0.828703761100769,0.2315787374973297,0.7976475954055786,0.17730285227298737,0.815057635307312,0.18062210083007812,0.8457452058792114,0.19778093695640564,0.8558492660522461
1,0.8681941032409668,0.9417393207550049,0.826544463634491,0.9226574301719666,0.7952009439468384,0.8554331064224243,0.8059733510017395,0.8026285171508789,0.8336207866668701,0.7714239954948425,0.8101419806480408,0.7479411363601685,0.8023016452789307,0.6465835571289062,0.8004786968231201,0.5855363607406616,0.8013483285903931,0.5325007438659668,0.8493462800979614,0.7490934729576111,0.8484516739845276,0.7538944482803345,0.8442718982696533,0.8242397904396057,0.8388940095901489,0.8631357550621033,0.8875693082809448,0.7655240297317505,0.883132815361023,0.7923628687858582,0.8754891157150269,0.8592040538787842,0.868906557559967,0.8975577354431152,0.9253273010253906,0.7879610061645508,0.914673924446106,0.7989330887794495,0.9021282196044922,0.8507332801818848,0.8945902585983276,0.8837908506393433
1,0.5607657432556152,0.9850107431411743,0.5093223452568054,0.9405856132507324,0.47398126125335693,0.8714932799339294,0.46234288811683655,0.8216618299484253,0.4754351079463959,0.7879286408424377,0.5272294282913208,0.756646990776062,0.5283228158950806,0.6755852699279785,0.5336272716522217,0.619306206703186,0.540181040763855,0.5687744617462158,0.5681281089782715,0.7545616030693054,0.5146774053573608,0.7902832627296448,0.49629223346710205,0.8674544095993042,0.4922620952129364,0.9207658171653748,0.5991197228431702,0.7812545299530029,0.540343165397644,0.8361188173294067,0.525131106376648,0.9094085097312927,0.5220304727554321,0.9607330560684204,0.6232830882072449,0.8212430477142334,0.5711807608604431,0.8617514967918396,0.5514758825302124,0.9134765267372131,0.5462114214897156,0.9507997632026672
1,0.5307611227035522,0.9807428121566772,0.4686310589313507,0.9209346771240234,0.44820135831832886,0.8474740982055664,0.4321005046367645,0.8073260188102722,0.4034516215324402,0.7861627340316772,0.49260687828063965,0.7492738962173462,0.4805082678794861,0.6742766499519348,0.472767174243927,0.6210610270500183,0.46850281953811646,0.5756904482841492,0.5188933610916138,0.7665292620658875,0.49122560024261475,0.7202168107032776,0.4722853899002075,0.7153614163398743,0.460886687040329,0.7166435122489929,0.5288102626800537,0.8047719597816467,0.468675822019577,0.7823416590690613,0.4252377152442932,0.8008359670639038,0.4008355140686035,0.8201255202293396,0.5296093821525574,0.8507186770439148,0.4772058129310608,0.832200825214386,0.44325169920921326,0.8441457748413086,0.4243026375770569,0.8546907901763916
1,0.2575529217720032,0.859603762626648,0.2961437404155731,0.7720304727554321,0.34117284417152405,0.7040495872497559,0.36241745948791504,0.6360136270523071,0.35681861639022827,0.5673766136169434,0.3876476287841797,0.7412009835243225,0.457100510597229,0.7946626543998718,0.4311528503894806,0.7949789762496948,0.4035642147064209,0.7779260277748108,0.3838804066181183,0.8032811880111694,0.44828665256500244,0.8454904556274414,0.421980082988739,0.8439342379570007,0.39654433727264404,0.8290195465087891,0.37388134002685547,0.8624247312545776,0.43135952949523926,0.8925151228904724,0.40773460268974304,0.88670414686203,0.38207241892814636,0.8724278807640076,0.36040693521499634,0.9159117341041565,0.40728384256362915,0.9338751435279846,0.38823091983795166,0.9258825182914734,0.36473265290260315,0.913550853729248
1,0.1743147075176239,0.7995374202728271,0.20644833147525787,0.727846086025238,0.24641725420951843,0.6648252606391907,0.26068201661109924,0.6021448373794556,0.24822601675987244,0.5309451222419739,0.26512426137924194,0.685642421245575,0.34136468172073364,0.748099148273468,0.3194514811038971,0.7530955076217651,0.30035173892974854,0.7368293404579163,0.2466515600681305,0.7412339448928833,0.3283439576625824,0.7978505492210388,0.3022115230560303,0.7973249554634094,0.2808606028556824,0.7797338962554932,0.2270938903093338,0.79749596118927,0.305804044008255,0.8381061553955078,0.28387582302093506,0.8360369205474854,0.2643440067768097,0.8208655118942261,0.20990192890167236,0.8526518940925598,0.26624026894569397,0.8747186660766602,0.25579994916915894,0.8689115047454834,0.2417767345905304,0.8596384525299072
1,0.15184487402439117,0.9153369665145874,0.18042144179344177,0.8133873343467712,0.22188131511211395,0.7298820614814758,0.23821663856506348,0.6555466055870056,0.23043809831142426,0.5873174667358398,0.26770249009132385,0.7634320259094238,0.3531545400619507,0.7963489890098572,0.32467249035835266,0.7998344302177429,0.2921960651874542,0.7903521060943604,0.2654462456703186,0.8319480419158936,0.35079753398895264,0.8509601354598999,0.32055968046188354,0.8548452258110046,0.28958144783973694,0.8504699468612671,0.25824782252311707,0.8983228802680969,0.33656105399131775,0.9036363959312439,0.3070615231990814,0.9029443264007568,0.27763864398002625,0.8996327519416809,0.2503322958946228,0.9583998918533325,0.30993297696113586,0.9454053640365601,0.2873719036579132,0.9383131861686707,0.2628738284111023,0.9358285069465637
1,0.2025274783372879,0.9167501330375671,0.23433533310890198,0.8089457154273987,0.2736295163631439,0.7196044325828552,0.2847924530506134,0.6377166509628296,0.26685839891433716,0.5671757459640503,0.3378402292728424,0.7532141208648682,0.4168180525302887,0.7884458303451538,0.3878171741962433,0.7942585349082947,0.3566359579563141,0.7851943969726562,0.340047150850296,0.8213164210319519,0.4114561975002289,0.8432918190956116,0.38186803460121155,0.848914623260498,0.3532028794288635,0.843087911605835,0.3340800702571869,0.8882582187652588,0.3974583148956299,0.8984591960906982,0.36839237809181213,0.9026305079460144,0.3399905264377594,0.8978201150894165,0.32352036237716675,0.9492616653442383,0.3717930316925049,0.9460760354995728,0.34965530037879944,0.941230058670044,0.3246791958808899,0.9358598589897156
1,0.28819236159324646,0.9032377600669861,0.30864059925079346,0.7960487604141235,0.3438796401023865,0.7051102519035339,0.36161208152770996,0.6249599456787109,0.35259777307510376,0.5493749976158142,0.4235330820083618,0.7250496745109558,0.49437010288238525,0.7622179985046387,0.4626702666282654,0.7734372615814209,0.4304271340370178,0.7664523720741272,0.4324958622455597,0.793762743473053,0.4943273663520813,0.8187525868415833,0.4623544216156006,0.8274638652801514,0.432332307100296,0.8206285238265991,0.43070849776268005,0.8628644943237305,0.485223650932312,0.8789003491401672,0.45442312955856323,0.8843798637390137,0.4254652261734009,0.8784151673316956,0.4231570065021515,0.9287841320037842,0.4629383385181427,0.9296588897705078,0.43785563111305237,0.9307857155799866,0.41269946098327637,0.9271743297576904
1,0.29122307896614075,0.9289118051528931,0.3246070444583893,0.8397585153579712,0.3600058853626251,0.762222170829773,0.37010249495506287,0.6889863014221191,0.35437238216400146,0.6226844787597656,0.41709086298942566,0.803164541721344,0.4914693236351013,0.846728503704071,0.4605356454849243,0.8462786078453064,0.4299469292163849,0.8331008553504944,0.4180120527744293,0.8560193777084351,0.48996448516845703,0.8831336498260498,0.4619034230709076,0.886512279510498,0.43326371908187866,0.8806524872779846,0.41444259881973267,0.9081498980522156,0.4804050326347351,0.924781084060669,0.4540216028690338,0.9293424487113953,0.4259963631629944,0.9248931407928467,0.40821394324302673,0.9577373266220093,0.4705634117126465,0.9647764563560486,0.45122984051704407,0.9613803029060364,0.42491385340690613,0.9563525319099426
1,0.14851976931095123,0.9025593996047974,0.16854968667030334,0.7965570092201233,0.20022164285182953,0.7118000388145447,0.210928276181221,0.6386638283729553,0.19873593747615814,0.5714807510375977,0.25976014137268066,0.7357777953147888,0.33876705169677734,0.7594572901725769,0.315157949924469,0.7667547464370728,0.2836945354938507,0.7634638547897339,0.2660137116909027,0.8043633699417114,0.3420824408531189,0.8126365542411804,0.3151766061782837,0.8214702010154724,0.2852848768234253,0.8214805126190186,0.2645661532878876,0.8707313537597656,0.33129018545150757,0.8694592118263245,0.3043384850025177,0.872252345085144,0.275847852230072,0.8706610202789307,0.260064035654068,0.9299111366271973,0.3101118206977844,0.9125488996505737,0.2882421910762787,0.9104505181312561,0.2637898921966553,0.9099764227867126
1,0.8164619207382202,0.9106058478355408,0.7897307872772217,0.8001773357391357,0.7572399377822876,0.7093299031257629,0.7340969443321228,0.6241346001625061,0.725437581539154,0.562415361404419,0.6691082119941711,0.7599040865898132,0.6147270202636719,0.7926819324493408,0.6407366394996643,0.8025028705596924,0.6681263446807861,0.7957245111465454,0.6611299514770508,0.8276840448379517,0.6212787628173828,0.8524907827377319,0.6451268196105957,0.8583197593688965,0.6707339286804199,0.8530992865562439,0.6664344072341919,0.892650306224823,0.6332831978797913,0.9043269753456116,0.6561137437820435,0.9062864780426025,0.6812382936477661,0.903452455997467,0.6805635690689087,0.9521333575248718,0.6510732769966125,0.95527184009552,0.6712035536766052,0.9519368410110474,0.6949559450149536,0.948192834854126
1,0.6212923526763916,0.9720470309257507,0.6005640625953674,0.8830199837684631,0.5707534551620483,0.8094840049743652,0.5474439859390259,0.741367518901825,0.5386494398117065,0.6802670359611511,0.476179838180542,0.8633537292480469,0.45716744661331177,0.8728050589561462,0.4790109097957611,0.8757717609405518,0.5039243102073669,0.8737433552742004,0.46827811002731323,0.9051845073699951,0.455636203289032,0.9004766345024109,0.47610658407211304,0.9012613892555237,0.4964275062084198,0.9008126258850098,0.4708386957645416,0.9406524300575256,0.460330069065094,0.9279856085777283,0.4794745147228241,0.9278634190559387,0.4957456886768341,0.9267427921295166,0.4806755483150482,0.9720232486724854,0.4626026451587677,0.9593915939331055,0.4721340835094452,0.9551504850387573,0.4831728935241699,0.9553330540657043
1,0.4316370487213135,0.9098886847496033,0.41093939542770386,0.801325798034668,0.3791523575782776,0.7179705500602722,0.3574104905128479,0.6421399116516113,0.3549230396747589,0.577401876449585,0.26861822605133057,0.7719653844833374,0.27462291717529297,0.7817193865776062,0.3029875159263611,0.7954475283622742,0.32062220573425293,0.8030974864959717,0.25499069690704346,0.8364163041114807,0.27046769857406616,0.8381552696228027,0.2929961085319519,0.8440008759498596,0.3127169907093048,0.8539724349975586,0.2579596936702728,0.8949841856956482,0.27083009481430054,0.8912401795387268,0.29089897871017456,0.8911059498786926,0.31029587984085083,0.897793710231781,0.26996850967407227,0.9469954967498779,0.27709126472473145,0.9419580698013306,0.29742956161499023,0.940315306186676,0.3142213523387909,0.9457966089248657
1,0.36706939339637756,0.8919963240623474,0.3640965223312378,0.7838440537452698,0.33978450298309326,0.7015790939331055,0.31902483105659485,0.6298266649246216,0.3149738609790802,0.5686748623847961,0.22871318459510803,0.7397204041481018,0.2538129687309265,0.7482931613922119,0.28003329038619995,0.7641165852546692,0.28883126378059387,0.7739279866218567,0.21031278371810913,0.7974799275398254,0.24899263679981232,0.8007405400276184,0.26805099844932556,0.8061453104019165,0.2797422409057617,0.8184131383895874,0.2087523639202118,0.8500453233718872,0.24478229880332947,0.8504852652549744,0.2624332308769226,0.8499083518981934,0.2739545702934265,0.8580681681632996,0.21394982933998108,0.8962022662162781,0.2401817888021469,0.8980943560600281,0.260271281003952,0.8975513577461243,0.2707071006298065,0.902925968170166
1,0.3286389708518982,0.86381596326828,0.32294750213623047,0.7566545605659485,0.29707327485084534,0.6777263283729553,0.2771100103855133,0.6101507544517517,0.2732662260532379,0.5536098480224609,0.1941973865032196,0.7094447612762451,0.20846325159072876,0.7208334803581238,0.22933346033096313,0.7350935935974121,0.2415325790643692,0.7431507706642151,0.17708134651184082,0.7620244026184082,0.19839659333229065,0.7697343826293945,0.2165094017982483,0.776530921459198,0.2302398830652237,0.786058247089386,0.1754605621099472,0.8121540546417236,0.19399651885032654,0.8147196769714355,0.20987509191036224,0.8171923756599426,0.22172193229198456,0.8237975835800171,0.18172498047351837,0.8563315868377686,0.19190719723701477,0.85910564661026,0.20794184505939484,0.8620789051055908,0.21946726739406586,0.8684905171394348
2,0.8274309635162354,0.3922865092754364,0.7700665593147278,0.4543161988258362,0.7540107369422913,0.5548481941223145,0.7756091356277466,0.6477980613708496,0.8009252548217773,0.7110728025436401,0.7415318489074707,0.5727488994598389,0.7312594652175903,0.7149255275726318,0.7290917634963989,0.7957655787467957,0.7252898216247559,0.8544918298721313,0.7932602763175964,0.5724349617958069,0.805698812007904,0.682835578918457,0.8060391545295715,0.6621472835540771,0.7991594076156616,0.624678909778595,0.8436930179595947,0.5647740364074707,0.8470008969306946,0.6464751958847046,0.8374519944190979,0.6174749135971069,0.8297007083892822,0.5786213874816895,0.8872051239013672,0.5546085834503174,0.872494637966156,0.610314667224884,0.8626725077629089,0.5883028507232666,0.8607457876205444,0.5615120530128479
2,0.6847955584526062,0.5059126615524292,0.6368003487586975,0.5419573783874512,0.6212841272354126,0.642186164855957,0.6376227736473083,0.7243399024009705,0.6568530201911926,0.7850126028060913,0.5963762998580933,0.6876599192619324,0.6028115749359131,0.8187194466590881,0.6054760217666626,0.9012256860733032,0.604150116443634,0.9653452634811401,0.6390723586082458,0.6956764459609985,0.6905882954597473,0.7720537185668945,0.696657121181488,0.7411161661148071,0.6863994598388672,0.7135431170463562,0.6924682855606079,0.686236560344696,0.7306537628173828,0.732097327709198,0.7251379489898682,0.6966310143470764,0.7133617997169495,0.6694713234901428,0.7430180311203003,0.6705853343009949,0.7594110369682312,0.6896257996559143,0.7542377710342407,0.6552411317825317,0.7454392910003662,0.6339035630226135
2,0.5862728953361511,0.4625517427921295,0.5154606699943542,0.5357947945594788,0.49797236919403076,0.6490671634674072,0.529120147228241,0.7483439445495605,0.5607552528381348,0.8194942474365234,0.4575856029987335,0.6749213337898254,0.4501573145389557,0.7867538332939148,0.448952853679657,0.8655502796173096,0.45060843229293823,0.9300705194473267,0.5022705793380737,0.6752706170082092,0.4945369064807892,0.8016423583030701,0.4896514117717743,0.8765974044799805,0.48955604434013367,0.9371853470802307,0.5533055067062378,0.6659778952598572,0.5659252405166626,0.7600570917129517,0.560364842414856,0.7223039865493774,0.5534840822219849,0.6907252669334412,0.6006333231925964,0.6457258462905884,0.6083773374557495,0.7059941291809082,0.5996132493019104,0.6720311641693115,0.5915263295173645,0.6452856063842773
2,0.5007969737052917,0.4805094003677368,0.44218701124191284,0.5375224351882935,0.4182790219783783,0.6335395574569702,0.4279107451438904,0.7117258310317993,0.4444294571876526,0.7768091559410095,0.37077605724334717,0.6961063146591187,0.39430904388427734,0.8433631062507629,0.4053511321544647,0.9255197048187256,0.4104103744029999,0.9902124404907227,0.4036831855773926,0.6898536086082458,0.479186087846756,0.8445822596549988,0.5183042883872986,0.8629977107048035,0.5299190282821655,0.862952470779419,0.45284590125083923,0.6769341826438904,0.5264304876327515,0.7810092568397522,0.5463685393333435,0.7512325048446655,0.5415797233581543,0.7183727025985718,0.5036566257476807,0.6595983505249023,0.5572036504745483,0.7266601920127869,0.5615383386611938,0.7009432315826416,0.548581063747406,0.6727433800697327
2,0.4724240005016327,0.4309873878955841,0.4130037724971771,0.49545174837112427,0.38950246572494507,0.5990830659866333,0.4073140323162079,0.6940737962722778,0.420859158039093,0.7680550813674927,0.3204168975353241,0.6483805775642395,0.33523091673851013,0.7813051342964172,0.34443625807762146,0.866042971611023,0.3497810959815979,0.9389470815658569,0.34875908493995667,0.6388708353042603,0.43196678161621094,0.7514188289642334,0.4640016257762909,0.7174097299575806,0.4596027731895447,0.6887618899345398,0.3955966830253601,0.626268744468689,0.4743193984031677,0.7144681215286255,0.49802228808403015,0.6683350205421448,0.491673082113266,0.6338046789169312,0.44235125184059143,0.6132616996765137,0.5057908892631531,0.6723982691764832,0.519771158695221,0.6375846266746521,0.5117868185043335,0.610840916633606
2,0.39727410674095154,0.421518474817276,0.339056134223938,0.49704837799072266,0.3166360855102539,0.6041845083236694,0.3230929374694824,0.7006028890609741,0.33198681473731995,0.7764478325843811,0.2364070564508438,0.6392738223075867,0.24553558230400085,0.761951744556427,0.25024932622909546,0.8431624174118042,0.2519029378890991,0.91466224193573,0.2622681260108948,0.6286926865577698,0.3367825746536255,0.7301806211471558,0.3515220582485199,0.6707395911216736,0.328108549118042,0.6326473355293274,0.30536022782325745,0.6165746450424194,0.37412190437316895,0.7002498507499695,0.38176706433296204,0.6408532857894897,0.36391139030456543,0.6072254180908203,0.3503077030181885,0.6017130613327026,0.40591657161712646,0.6610537171363831,0.4099728465080261,0.6130577325820923,0.39398646354675293,0.5834018588066101
2,0.3707144856452942,0.43801581859588623,0.3160792887210846,0.5361993908882141,0.29126209020614624,0.6486591100692749,0.2986604869365692,0.742506742477417,0.31844720244407654,0.7979203462600708,0.20247673988342285,0.6625880599021912,0.2256765067577362,0.7786946892738342,0.251773864030838,0.7975835800170898,0.26282525062561035,0.7964117527008057,0.22150646150112152,0.6490939259529114,0.28580501675605774,0.7611104249954224,0.30961087346076965,0.7167614698410034,0.2984544038772583,0.6817787289619446,0.25965216755867004,0.6346725821495056,0.331575870513916,0.7309141159057617,0.34288889169692993,0.6806169152259827,0.3255290389060974,0.6454061269760132,0.303920179605484,0.6193147897720337,0.36210009455680847,0.6918933391571045,0.37017786502838135,0.6476728916168213,0.35776400566101074,0.6100262999534607
2,0.3096793293952942,0.5017939209938049,0.27061158418655396,0.6004619002342224,0.24459102749824524,0.6917730569839478,0.23960113525390625,0.7697914838790894,0.2401515245437622,0.8263245224952698,0.13868457078933716,0.7026724815368652,0.14138098061084747,0.8147048950195312,0.14537006616592407,0.8894063830375671,0.1470334827899933,0.9538474082946777,0.1456538736820221,0.6867043972015381,0.20993509888648987,0.7812545895576477,0.23524947464466095,0.7330430746078491,0.22133974730968475,0.6954158544540405,0.17638742923736572,0.6720054745674133,0.23918969929218292,0.754255473613739,0.2609696686267853,0.7067731022834778,0.25220412015914917,0.6759443283081055,0.21487118303775787,0.6559197902679443,0.26286184787750244,0.7215707898139954,0.2780689299106598,0.6885491609573364,0.27208787202835083,0.6592242121696472
2,0.18673530220985413,0.48268014192581177,0.2364589124917984,0.5238022208213806,0.2541809678077698,0.6049390435218811,0.24274080991744995,0.6784130334854126,0.22934171557426453,0.7357367277145386,0.21800164878368378,0.5949109196662903,0.21090395748615265,0.7133780717849731,0.21326906979084015,0.7915065884590149,0.21535781025886536,0.8476951718330383,0.17225146293640137,0.5895471572875977,0.17676714062690735,0.7068330645561218,0.20107856392860413,0.7151119709014893,0.21527709066867828,0.700523853302002,0.1352524608373642,0.5816944241523743,0.13713489472866058,0.6857091784477234,0.1622321903705597,0.6797296404838562,0.17379939556121826,0.6534824967384338,0.10629545897245407,0.574939489364624,0.10729222744703293,0.6513651013374329,0.12706075608730316,0.6470451354980469,0.13830697536468506,0.6226937770843506
2,0.3317440450191498,0.6994364857673645,0.31824326515197754,0.7409576773643494,0.3154650032520294,0.773569643497467,0.31636980175971985,0.7931278944015503,0.3144887089729309,0.8049864768981934,0.33884769678115845,0.8145982027053833,0.3378925323486328,0.854665219783783,0.3369402587413788,0.8577316999435425,0.334379106760025,0.8524240851402283,0.35143089294433594,0.799319326877594,0.3509053587913513,0.8324302434921265,0.3492136597633362,0.8301873207092285,0.34471872448921204,0.8224808573722839,0.3607562482357025,0.7753146290779114,0.35806652903556824,0.7982545495033264,0.3549039959907532,0.7942346334457397,0.35193872451782227,0.7854627370834351,0.3688028156757355,0.7496976852416992,0.3670831024646759,0.7660903334617615,0.3612639605998993,0.7633803486824036,0.35725128650665283,0.7545074820518494
2,0.2965230941772461,0.47608107328414917,0.3610024154186249,0.5410528182983398,0.36661630868911743,0.6407219171524048,0.3414737582206726,0.7315680384635925,0.32509666681289673,0.7901140451431274,0.35228216648101807,0.6600948572158813,0.35386520624160767,0.7914561629295349,0.35899239778518677,0.8659154176712036,0.3586423397064209,0.9219025373458862,0.2939777970314026,0.6550758481025696,0.30162230134010315,0.74508136510849,0.31652289628982544,0.7197323441505432,0.3213536739349365,0.68349289894104,0.2446596324443817,0.6385648846626282,0.2626820504665375,0.711682140827179,0.2794191241264343,0.6876957416534424,0.2830943763256073,0.6519412398338318,0.20639538764953613,0.6197010278701782,0.22873681783676147,0.6756773591041565,0.24518445134162903,0.6565287113189697,0.245123952627182,0.6289474368095398
2,0.43103912472724915,0.48148173093795776,0.4867013990879059,0.5520460605621338,0.4931565821170807,0.6541787385940552,0.47281867265701294,0.7457268834114075,0.45205095410346985,0.8059263229370117,0.5060727596282959,0.6783450245857239,0.4954752027988434,0.8201794624328613,0.491524338722229,0.8938322067260742,0.4876989424228668,0.9463000893592834,0.4537298381328583,0.6730276346206665,0.42083385586738586,0.785662055015564,0.43082815408706665,0.7514817714691162,0.44506803154945374,0.7087149620056152,0.4026327431201935,0.6571515798568726,0.3876197934150696,0.7489005327224731,0.4016226828098297,0.7163613438606262,0.4120634198188782,0.6788983345031738,0.3616566061973572,0.6386771202087402,0.36444616317749023,0.7043328881263733,0.3772571086883545,0.6820812225341797,0.3816404342651367,0.6553568840026855
2,0.5806856155395508,0.42887574434280396,0.6259958148002625,0.4970810115337372,0.6405044794082642,0.5998904705047607,0.6270446181297302,0.6931228041648865,0.6069740056991577,0.758467435836792,0.6814112663269043,0.6120696067810059,0.6803939342498779,0.7476953864097595,0.6762939691543579,0.8289466500282288,0.6733551621437073,0.8938716053962708,0.6391056180000305,0.6007040143013,0.6018596887588501,0.7206432223320007,0.588970422744751,0.7064631581306458,0.5901631712913513,0.6835670471191406,0.5905536413192749,0.585365891456604,0.5531812310218811,0.6760469079017639,0.553412914276123,0.6326603293418884,0.564050555229187,0.5969644784927368,0.5442144274711609,0.5688847303390503,0.5279632806777954,0.6475406885147095,0.5308834910392761,0.6115036606788635,0.5373378992080688,0.5810625553131104
2,0.7329920530319214,0.43336397409439087,0.7789180874824524,0.5005820989608765,0.7987160682678223,0.6071740984916687,0.7820549607276917,0.6978955268859863,0.7593879103660583,0.7694919109344482,0.851575493812561,0.6308724284172058,0.8403341770172119,0.7685017585754395,0.8320325613021851,0.8432840704917908,0.8285115361213684,0.9002952575683594,0.8201072812080383,0.6128427386283875,0.74953693151474,0.7249332070350647,0.7346771955490112,0.6784905195236206,0.7498499155044556,0.643878698348999,0.7771902084350586,0.5912753939628601,0.7065168023109436,0.6815594434738159,0.7028683423995972,0.6281898021697998,0.7219825983047485,0.5946128368377686,0.7291980385780334,0.5699220895767212,0.6827797293663025,0.6408144235610962,0.6831197142601013,0.5992004871368408,0.6973459720611572,0.5687863826751709
2,0.3217502236366272,0.5530288815498352,0.3381541967391968,0.6227255463600159,0.3573812246322632,0.6905108690261841,0.35086551308631897,0.7578641176223755,0.3415833115577698,0.8212929964065552,0.4531044065952301,0.5832934975624084,0.40870001912117004,0.6274898648262024,0.37998610734939575,0.6291090250015259,0.38574814796447754,0.6153547167778015,0.4432578980922699,0.5124303102493286,0.37291857600212097,0.5685199499130249,0.3471992611885071,0.5804125666618347,0.35758399963378906,0.5714996457099915,0.4162411093711853,0.4639011025428772,0.35355764627456665,0.5144667029380798,0.3327677547931671,0.5395110845565796,0.3385984003543854,0.5356643199920654,0.38163626194000244,0.4287664592266083,0.3369941711425781,0.4598686099052429,0.3209984004497528,0.490133136510849,0.3254345953464508,0.49478504061698914
2,0.3926534056663513,0.6154028177261353,0.4123333692550659,0.6865024566650391,0.43807974457740784,0.7541601657867432,0.4373338520526886,0.8157274723052979,0.42332321405410767,0.8760785460472107,0.5261852741241455,0.6565717458724976,0.5083304643630981,0.7006281614303589,0.475762277841568,0.7200561165809631,0.46852362155914307,0.7187258005142212,0.5155620574951172,0.5937376618385315,0.4842304587364197,0.6452849507331848,0.44969210028648376,0.6655659079551697,0.44313496351242065,0.659819483757019,0.49091577529907227,0.5431336760520935,0.456896036863327,0.5863146781921387,0.42965662479400635,0.6186409592628479,0.4246996343135834,0.6202853918075562,0.45830464363098145,0.5027122497558594,0.42715322971343994,0.5342515707015991,0.4048609435558319,0.5711443424224854,0.4016491770744324,0.5817787647247314
2,0.3063593804836273,0.6422703862190247,0.323149174451828,0.7115488648414612,0.34679722785949707,0.7661898136138916,0.3562966287136078,0.8148291707038879,0.35302409529685974,0.8630601167678833,0.41854360699653625,0.7017126679420471,0.4302952289581299,0.7206254005432129,0.3951534330844879,0.7148458361625671,0.38750624656677246,0.7052242159843445,0.418995201587677,0.6584362387657166,0.42548927664756775,0.677550733089447,0.38323095440864563,0.6777281761169434,0.38248610496520996,0.6683721542358398,0.41127559542655945,0.6190546154975891,0.4139721989631653,0.6378965377807617,0.37551388144493103,0.6495856642723083,0.37565332651138306,0.6441464424133301,0.3943030834197998,0.5810141563415527,0.3892192542552948,0.6020126342773438,0.3613928556442261,0.6205568909645081,0.3606574237346649,0.6172258853912354
2,0.400781512260437,0.6876754760742188,0.4326409101486206,0.7580954432487488,0.470664918422699,0.8181500434875488,0.48839467763900757,0.8747044801712036,0.48213836550712585,0.9248549938201904,0.5344116687774658,0.7429648637771606,0.5619925856590271,0.7674534916877747,0.518641471862793,0.7621788382530212,0.5062806606292725,0.7489643692970276,0.5310027599334717,0.6988601684570312,0.5583662986755371,0.7235167622566223,0.5074138641357422,0.723879337310791,0.5031467080116272,0.7102049589157104,0.521454930305481,0.6571964621543884,0.5445059537887573,0.6819032430648804,0.49609917402267456,0.6922680735588074,0.49272996187210083,0.6789232492446899,0.5039995312690735,0.6148468255996704,0.5186641812324524,0.6410610675811768,0.4829617440700531,0.6598255038261414,0.47708266973495483,0.6488275527954102
2,0.49742597341537476,0.6622890830039978,0.5254963636398315,0.7413853406906128,0.556837260723114,0.8086345195770264,0.5718532204627991,0.8678833842277527,0.5670422315597534,0.9214958548545837,0.62172931432724,0.7387337684631348,0.6636661291122437,0.7577676177024841,0.619455873966217,0.7524964809417725,0.6005914807319641,0.7452945113182068,0.621260404586792,0.6941573023796082,0.6675966382026672,0.7106316089630127,0.6142404675483704,0.7084614634513855,0.601415753364563,0.7020143866539001,0.6134092807769775,0.6509671211242676,0.6580159664154053,0.6657844185829163,0.6075266599655151,0.6711063981056213,0.5949674844741821,0.6644948720932007,0.5970618724822998,0.6047417521476746,0.6293158531188965,0.6217662692070007,0.5950190424919128,0.6361603736877441,0.5818535089492798,0.6302263736724854
2,0.5755836367607117,0.6469511389732361,0.6142475605010986,0.7304561734199524,0.6393555402755737,0.8004335165023804,0.651319146156311,0.8584085702896118,0.6466121077537537,0.910956859588623,0.6989858746528625,0.7339740991592407,0.7407435178756714,0.7435173392295837,0.7049379944801331,0.7451785802841187,0.6825318336486816,0.7456381320953369,0.6990558505058289,0.6838620901107788,0.7470266819000244,0.6983320713043213,0.7019080519676208,0.7004339098930359,0.6819559335708618,0.6996245980262756,0.6916719079017639,0.6346028447151184,0.736456573009491,0.653562605381012,0.6937041878700256,0.6598935127258301,0.6745095252990723,0.6557032465934753,0.6782646775245667,0.5856092572212219,0.7117869853973389,0.609342098236084,0.6824705600738525,0.6262825131416321,0.6651103496551514,0.6239711046218872
2,0.8498339056968689,0.5848196744918823,0.8120754361152649,0.655039370059967,0.7549207806587219,0.7201735973358154,0.7228825688362122,0.7878404855728149,0.7129610180854797,0.8626624941825867,0.6624315977096558,0.6488608717918396,0.6497657299041748,0.6461127996444702,0.7111839652061462,0.637668251991272,0.7530798316001892,0.6290237903594971,0.662161111831665,0.5790266394615173,0.6588266491889954,0.5804604291915894,0.7256678938865662,0.5855249762535095,0.7646387219429016,0.5886964797973633,0.6738683581352234,0.5129666924476624,0.6697440147399902,0.5186641216278076,0.729482114315033,0.5350580811500549,0.7689505219459534,0.5469865798950195,0.6965643763542175,0.4568372964859009,0.6853351593017578,0.46649032831192017,0.724875807762146,0.4899348020553589,0.7572765350341797,0.506428599357605
2,0.6117588877677917,0.6090577840805054,0.5894807577133179,0.6889321804046631,0.550408124923706,0.7552440762519836,0.5278226137161255,0.8159024715423584,0.5197194814682007,0.8840464949607849,0.4889529347419739,0.6795612573623657,0.43942761421203613,0.6778554320335388,0.48505449295043945,0.6751300096511841,0.5274018049240112,0.6688802242279053,0.48883524537086487,0.6209076046943665,0.4446491599082947,0.6250156164169312,0.5028613805770874,0.62822425365448,0.5460588335990906,0.624733567237854,0.49483948945999146,0.5643298029899597,0.45689281821250916,0.5660082697868347,0.5118138194084167,0.5788647532463074,0.5544968843460083,0.5844630002975464,0.5057166218757629,0.510412335395813,0.4665297567844391,0.509191632270813,0.5005865097045898,0.5261452198028564,0.5346655249595642,0.5387140512466431
2,0.5030122995376587,0.6107404232025146,0.4797717332839966,0.6908344030380249,0.4452042579650879,0.7595068216323853,0.42629384994506836,0.8237819075584412,0.4234760105609894,0.8890884518623352,0.3858484625816345,0.700420618057251,0.3308667540550232,0.7053751349449158,0.37171462178230286,0.7019429206848145,0.4097018241882324,0.6971133947372437,0.38635292649269104,0.644228458404541,0.3357786536216736,0.6497817039489746,0.3912973701953888,0.6532006859779358,0.42724156379699707,0.654441773891449,0.3939257562160492,0.5891037583351135,0.3461102843284607,0.5918732285499573,0.39943042397499084,0.6018475890159607,0.4365063011646271,0.6074625253677368,0.40755054354667664,0.5366663336753845,0.3626720905303955,0.535662055015564,0.3935854732990265,0.5475224256515503,0.42326676845550537,0.5566796660423279
2,0.44455283880233765,0.6353320479393005,0.40396422147750854,0.7067206501960754,0.3595302999019623,0.7701940536499023,0.3371567130088806,0.8324357271194458,0.33139193058013916,0.8942807912826538,0.3183451294898987,0.70174241065979,0.26941370964050293,0.7077658176422119,0.2969346344470978,0.7072045803070068,0.3244057893753052,0.7039609551429749,0.3217179775238037,0.6501064300537109,0.2647276520729065,0.6587733626365662,0.30015477538108826,0.6620361804962158,0.33077967166900635,0.6611842513084412,0.33025118708610535,0.6010547876358032,0.27189427614212036,0.6031031608581543,0.3039076328277588,0.6115756630897522,0.3354763388633728,0.6157670021057129,0.3434394299983978,0.5558395385742188,0.297343909740448,0.5498982667922974,0.3067728281021118,0.5618159770965576,0.32566314935684204,0.5707693099975586
2,0.40379124879837036,0.639326810836792,0.3620712161064148,0.7078430652618408,0.32039737701416016,0.7663490772247314,0.294345885515213,0.8256556987762451,0.2852291464805603,0.8821237683296204,0.2926689386367798,0.7079843282699585,0.2471150904893875,0.7353248000144958,0.2674945592880249,0.7351279854774475,0.2859557867050171,0.7245001196861267,0.28992098569869995,0.6634423136711121,0.23856288194656372,0.6859609484672546,0.2663508355617523,0.6848738193511963,0.28738144040107727,0.6748238801956177,0.2909550368785858,0.6180514693260193,0.23601707816123962,0.6305865049362183,0.2579350471496582,0.6354856491088867,0.28128382563591003,0.631266176700592,0.2985893785953522,0.5719838738441467,0.2521539032459259,0.5706568956375122,0.25431713461875916,0.5836395025253296,0.26867878437042236,0.5908671617507935
3,0.625898540019989,0.9775225520133972,0.6888861060142517,0.9290547370910645,0.7393020987510681,0.8927059173583984,0.7855786085128784,0.8682557940483093,0.8230287432670593,0.8695171475410461,0.6984848380088806,0.7780942916870117,0.6657156944274902,0.7466330528259277,0.6562523245811462,0.7734649181365967,0.6636494398117065,0.8008003234863281,0.6555027365684509,0.7699614763259888,0.6255375146865845,0.7467572689056396,0.6182383894920349,0.7740203142166138,0.6255040168762207,0.8039634823799133,0.6141203045845032,0.7790138721466064,0.59486985206604,0.7645079493522644,0.592098593711853,0.7905772924423218,0.5988255739212036,0.8166995644569397,0.5754276514053345,0.7986850738525391,0.5680867433547974,0.7966518402099609,0.5688119530677795,0.8208485841751099,0.5736446380615234,0.8395980596542358
3,0.7213879823684692,0.8164805173873901,0.7796294689178467,0.7776442170143127,0.828190803527832,0.7444059252738953,0.8699074983596802,0.7210834622383118,0.9029027223587036,0.7275324463844299,0.8000935912132263,0.6101562976837158,0.7673942446708679,0.5908527374267578,0.7560455799102783,0.6177341938018799,0.7617883086204529,0.6444029808044434,0.7601158022880554,0.5946590900421143,0.7258779406547546,0.5880025625228882,0.7184122204780579,0.615793764591217,0.7254467606544495,0.6468986868858337,0.7195361256599426,0.5994768142700195,0.6929382681846619,0.5929348468780518,0.6882039904594421,0.6196781992912292,0.6946268081665039,0.6484690308570862,0.6812553405761719,0.6156853437423706,0.6652358770370483,0.6077196598052979,0.6649539470672607,0.6330347061157227,0.671176016330719,0.6577154994010925
3,0.47518107295036316,0.8479788303375244,0.532691240310669,0.814100444316864,0.5842217803001404,0.7850072383880615,0.6319718360900879,0.7682006359100342,0.6727991104125977,0.7663484215736389,0.5487751364707947,0.6610257029533386,0.5377068519592285,0.633710503578186,0.5277353525161743,0.6630733013153076,0.5287849307060242,0.6871453523635864,0.5053485631942749,0.644838273525238,0.49761542677879333,0.638174295425415,0.49057963490486145,0.6677194237709045,0.49050235748291016,0.6926108598709106,0.46406131982803345,0.6479750275611877,0.4632953703403473,0.6513770222663879,0.45941361784935,0.6770525574684143,0.45929011702537537,0.6997673511505127,0.42463818192481995,0.6619569063186646,0.43037149310112,0.6700345277786255,0.43152546882629395,0.695111095905304,0.431479811668396,0.713258683681488
3,0.33463114500045776,0.8279188871383667,0.39368772506713867,0.7979772686958313,0.44469669461250305,0.7738733291625977,0.48877209424972534,0.7638921737670898,0.518828809261322,0.7673906683921814,0.39900800585746765,0.6782636642456055,0.38676679134368896,0.6465564966201782,0.3858712315559387,0.6715919971466064,0.39232730865478516,0.6931064128875732,0.35641494393348694,0.6674525737762451,0.34497585892677307,0.6530774235725403,0.3447876572608948,0.6695031523704529,0.3494149148464203,0.6850757598876953,0.3163437843322754,0.6726599335670471,0.312982439994812,0.6604707837104797,0.3146364092826843,0.6744571924209595,0.3158358633518219,0.6942634582519531,0.2826743423938751,0.6909265518188477,0.2790205180644989,0.6785817742347717,0.2772848606109619,0.6867738366127014,0.27632588148117065,0.6998298168182373
3,0.23426640033721924,0.9199264049530029,0.29940786957740784,0.8591752648353577,0.34757059812545776,0.807715654373169,0.3895874619483948,0.7784715890884399,0.42489129304885864,0.7799822688102722,0.2714047133922577,0.6926814317703247,0.2966587245464325,0.6500194668769836,0.2999727725982666,0.6897298693656921,0.2945040464401245,0.7212609052658081,0.22801822423934937,0.6904813051223755,0.25814753770828247,0.653942883014679,0.26536524295806885,0.6858698129653931,0.26090681552886963,0.7199476957321167,0.19427084922790527,0.7014693021774292,0.224336177110672,0.6759100556373596,0.23327898979187012,0.7000938653945923,0.2290480136871338,0.7271921038627625,0.16773968935012817,0.7171745300292969,0.19594493508338928,0.6959140300750732,0.20604902505874634,0.7134174704551697,0.2021821141242981,0.7341123819351196
3,0.4861680567264557,0.8846573233604431,0.5452735424041748,0.8629396557807922,0.6041792631149292,0.8318865299224854,0.6532458066940308,0.8064939379692078,0.6918058395385742,0.8040624856948853,0.5798729658126831,0.7094727158546448,0.5810820460319519,0.6402209401130676,0.5942175388336182,0.6052694320678711,0.6134892702102661,0.5928807258605957,0.5386431217193604,0.6828745007514954,0.5187639594078064,0.6688112616539001,0.5126439929008484,0.6992887258529663,0.5131186842918396,0.7299114465713501,0.49498289823532104,0.6811244487762451,0.48137953877449036,0.6824884414672852,0.4777708351612091,0.7109034061431885,0.4777986705303192,0.7400565147399902,0.45164138078689575,0.6900937557220459,0.4449004828929901,0.6972891688346863,0.44481968879699707,0.7298019528388977,0.4472838044166565,0.7551387548446655
3,0.6179343461990356,0.8790438771247864,0.6550194025039673,0.819362461566925,0.6990086436271667,0.7803568243980408,0.7252777218818665,0.7418866157531738,0.7391729950904846,0.7166851758956909,0.7777579426765442,0.8676506280899048,0.837501049041748,0.8388625979423523,0.8747779130935669,0.8234838247299194,0.9085157513618469,0.815863311290741,0.7716001868247986,0.867347240447998,0.767745852470398,0.7606434226036072,0.7302905917167664,0.7612109780311584,0.7178618311882019,0.7926923036575317,0.7530398964881897,0.8453899621963501,0.734894871711731,0.7381987571716309,0.7045780420303345,0.7502699494361877,0.6993359327316284,0.783329427242279,0.7299521565437317,0.8139519095420837,0.7118659019470215,0.7294798493385315,0.6847885847091675,0.737576425075531,0.6772241592407227,0.7643483281135559
3,0.6173175573348999,0.8447067141532898,0.6589426398277283,0.7974302172660828,0.700266420841217,0.756537914276123,0.7217838764190674,0.7114701271057129,0.7308520078659058,0.677752673625946,0.7732737064361572,0.8175753355026245,0.8305134177207947,0.7893815636634827,0.8675191402435303,0.7711195349693298,0.8991029262542725,0.7579649686813354,0.7660614252090454,0.8130321502685547,0.7598954439163208,0.7177519202232361,0.7240906953811646,0.7157442569732666,0.7106299996376038,0.7390431761741638,0.7464590668678284,0.791401207447052,0.7253024578094482,0.6965067386627197,0.6942432522773743,0.705977737903595,0.6872201561927795,0.7326366305351257,0.7225311994552612,0.7629925608634949,0.7032464146614075,0.690820038318634,0.6759459972381592,0.6993447542190552,0.6670733094215393,0.720266580581665
3,0.6377037763595581,0.8093557357788086,0.6809756755828857,0.7819865345954895,0.7216385006904602,0.740990936756134,0.7428593635559082,0.6908459663391113,0.7488477826118469,0.6556017398834229,0.7855921387672424,0.7934147119522095,0.8442862033843994,0.7616801261901855,0.8806290626525879,0.7422003149986267,0.9109368324279785,0.7286249995231628,0.7780085206031799,0.7810184359550476,0.7774129509925842,0.689589262008667,0.7445899844169617,0.6912556886672974,0.7331848740577698,0.7157915830612183,0.7588174343109131,0.7538920640945435,0.7433733344078064,0.6649091243743896,0.7157219648361206,0.6763949394226074,0.7101725935935974,0.7029651403427124,0.7350446581840515,0.7218233346939087,0.7173913717269897,0.6563024520874023,0.6924020648002625,0.6683042049407959,0.6851059794425964,0.6890988349914551
3,0.633832573890686,0.8980369567871094,0.6753988265991211,0.8821978569030762,0.71945720911026,0.8488777875900269,0.7427842617034912,0.8060004115104675,0.7565889358520508,0.7773209810256958,0.7797560095787048,0.9045555591583252,0.8355898857116699,0.8757159113883972,0.8710581064224243,0.857921302318573,0.8989483118057251,0.8468965291976929,0.7744808197021484,0.8940515518188477,0.7771920561790466,0.7829246520996094,0.7362128496170044,0.7769027352333069,0.7142670154571533,0.7998197674751282,0.7598496675491333,0.866547703742981,0.7484782338142395,0.7616550922393799,0.7116292715072632,0.7643933892250061,0.6939760446548462,0.7867939472198486,0.740825355052948,0.8333947062492371,0.7238621115684509,0.752007246017456,0.6924349665641785,0.7544094324111938,0.6750684976577759,0.7704706788063049
3,0.432466983795166,0.9364732503890991,0.4621969759464264,0.8535758256912231,0.5162443518638611,0.8004528880119324,0.5514897108078003,0.7547042965888977,0.5831403136253357,0.730305016040802,0.5983402729034424,0.9185044765472412,0.6628961563110352,0.8829047679901123,0.7134857773780823,0.8635637760162354,0.7548925280570984,0.851470410823822,0.5940541625022888,0.9397154450416565,0.5929200053215027,0.7909611463546753,0.5393058061599731,0.7719054818153381,0.5106966495513916,0.7919241189956665,0.5755409598350525,0.9310497045516968,0.5613358020782471,0.7814779281616211,0.5115290284156799,0.7800108194351196,0.48811256885528564,0.8058858513832092,0.5510494709014893,0.9059604406356812,0.5258169770240784,0.7855085730552673,0.4870890974998474,0.7867904305458069,0.4656516909599304,0.8172590136528015
3,0.4604964256286621,0.8497334122657776,0.49837636947631836,0.7416491508483887,0.5555274486541748,0.6842129826545715,0.5932725071907043,0.639301061630249,0.6270360350608826,0.6122081279754639,0.6497974395751953,0.7964136600494385,0.7206342816352844,0.766556441783905,0.7660174369812012,0.745548665523529,0.800140380859375,0.7341192960739136,0.6501840949058533,0.8132137060165405,0.6514021754264832,0.6618781685829163,0.5963895320892334,0.6407739520072937,0.5621739625930786,0.6649802327156067,0.6351509094238281,0.802516758441925,0.6184354424476624,0.6462922096252441,0.5647093057632446,0.6424156427383423,0.5382903814315796,0.6705523133277893,0.6104080080986023,0.7747578024864197,0.584900438785553,0.6500375270843506,0.5428434014320374,0.644478976726532,0.5207471251487732,0.6649713516235352
3,0.28086793422698975,0.8658552169799805,0.3581911027431488,0.8676384091377258,0.4241020679473877,0.8806891441345215,0.4709669053554535,0.9195272922515869,0.5014035105705261,0.9507487416267395,0.44489771127700806,0.7651650905609131,0.5196757316589355,0.7748318314552307,0.5779199004173279,0.775777280330658,0.62603360414505,0.7733879089355469,0.41360902786254883,0.7687384486198425,0.474703311920166,0.9012890458106995,0.4412684142589569,0.9261578917503357,0.41907748579978943,0.904323160648346,0.3816342055797577,0.8028516173362732,0.43421876430511475,0.940818190574646,0.3974688649177551,0.9365421533584595,0.37943118810653687,0.8961185812950134,0.35309386253356934,0.8464438915252686,0.39575308561325073,0.9519750475883484,0.370076060295105,0.9469832181930542,0.35263141989707947,0.91205894947052
3,0.34313446283340454,0.8331314921379089,0.42310088872909546,0.8455342650413513,0.4857792258262634,0.8539004921913147,0.530157208442688,0.884319007396698,0.5626658201217651,0.9102954268455505,0.5126413702964783,0.7241775989532471,0.5812510251998901,0.7299454212188721,0.6344473361968994,0.7309712171554565,0.6807863712310791,0.7307043671607971,0.4838193655014038,0.7228888273239136,0.5358457565307617,0.8529773354530334,0.4966210126876831,0.8741757869720459,0.4717520773410797,0.8470136523246765,0.4518060088157654,0.7536293268203735,0.49717026948928833,0.8887389302253723,0.46132779121398926,0.8912379741668701,0.4450545608997345,0.8545292615890503,0.42311912775039673,0.7955636978149414,0.4625752866268158,0.8999509811401367,0.43769943714141846,0.9044079184532166,0.420474648475647,0.874000072479248
3,0.4035888910293579,0.7612802386283875,0.4781144857406616,0.7816517353057861,0.5427271723747253,0.7872054576873779,0.5955615639686584,0.8132826089859009,0.6395303010940552,0.8371212482452393,0.577340304851532,0.6592457294464111,0.6582247018814087,0.6710931658744812,0.7149590253829956,0.6721125841140747,0.7617818117141724,0.6667167544364929,0.5568616390228271,0.6538204550743103,0.6147358417510986,0.7850980162620544,0.5832677483558655,0.8220543265342712,0.5593481659889221,0.8107166290283203,0.5329768061637878,0.6786373853683472,0.5721443295478821,0.8144655823707581,0.5336659550666809,0.8243411183357239,0.5131485462188721,0.7949745059013367,0.5083358287811279,0.7142049074172974,0.5360448360443115,0.8227795958518982,0.5067786574363708,0.8305782079696655,0.48715075850486755,0.8020610213279724
3,0.47572463750839233,0.7413861751556396,0.5421993732452393,0.767809271812439,0.6092108488082886,0.774216890335083,0.6628920435905457,0.7983800172805786,0.7120291590690613,0.8197906017303467,0.645319938659668,0.6513816118240356,0.7242295742034912,0.6592640280723572,0.7776891589164734,0.659481942653656,0.8211433291435242,0.6558517813682556,0.6301417350769043,0.6444391012191772,0.6837313771247864,0.7721515893936157,0.644931435585022,0.7976722121238708,0.6188269257545471,0.776446521282196,0.6107825636863708,0.6666602492332458,0.6497722268104553,0.7989131212234497,0.606408417224884,0.8098630309104919,0.5839003324508667,0.7825235724449158,0.5889890193939209,0.7023458480834961,0.6167505383491516,0.809221625328064,0.584114134311676,0.8200145959854126,0.5624624490737915,0.7958812117576599
3,0.5289071202278137,0.8450763821601868,0.5907869935035706,0.8668729066848755,0.657943844795227,0.8868829011917114,0.7037050724029541,0.9276599287986755,0.7352625727653503,0.9588162899017334,0.7049828171730042,0.7825349569320679,0.7721779942512512,0.7773928642272949,0.8252595663070679,0.773431658744812,0.867205798625946,0.7704333066940308,0.6954718232154846,0.7794186472892761,0.7305333614349365,0.9095315933227539,0.6919136643409729,0.9321486949920654,0.6715331077575684,0.9122287631034851,0.6809833645820618,0.8031046390533447,0.7067287564277649,0.9344350695610046,0.6648291349411011,0.9389820694923401,0.6453614830970764,0.9095081090927124,0.6629350781440735,0.8386770486831665,0.6787238717079163,0.9444602727890015,0.64478600025177,0.9525196552276611,0.6269168257713318,0.9290786981582642
3,0.2777847349643707,0.8521854281425476,0.3440055251121521,0.8753293752670288,0.40404191613197327,0.901330292224884,0.44289419054985046,0.9465487003326416,0.47111615538597107,0.9895926117897034,0.44366976618766785,0.8214173913002014,0.5119785666465759,0.8290109038352966,0.5586611032485962,0.8321048617362976,0.5984894037246704,0.8307245969772339,0.42005181312561035,0.817381739616394,0.46120256185531616,0.94206303358078,0.4431016445159912,0.9807404279708862,0.4315512478351593,0.9842548966407776,0.39115795493125916,0.8369218707084656,0.4158520996570587,0.9559755325317383,0.38420721888542175,0.9483485817909241,0.3705793023109436,0.9173162579536438,0.3614906072616577,0.8656251430511475,0.38389891386032104,0.9583964347839355,0.36143285036087036,0.950849711894989,0.3468307554721832,0.9215086698532104
3,0.2199874222278595,0.7854335904121399,0.29749569296836853,0.8063566088676453,0.35293012857437134,0.8286989331245422,0.3868923783302307,0.8683288097381592,0.4108278751373291,0.9007058143615723,0.37934523820877075,0.743313193321228,0.4371446669101715,0.7441419959068298,0.4843592345714569,0.741514265537262,0.5231325030326843,0.7374532222747803,0.3515982925891876,0.732845664024353,0.38722607493400574,0.8524498343467712,0.36513254046440125,0.8818094730377197,0.35205280780792236,0.8730698227882385,0.31790032982826233,0.746257483959198,0.34422364830970764,0.8614544868469238,0.31581616401672363,0.8540282845497131,0.30507367849349976,0.821753203868866,0.2834824323654175,0.768478274345398,0.30571749806404114,0.8542520403862,0.2912692427635193,0.846662700176239,0.28230124711990356,0.8138118386268616
3,0.19456550478935242,0.7132716178894043,0.26712262630462646,0.7267312407493591,0.3127143681049347,0.7517480254173279,0.33248043060302734,0.7933714389801025,0.32855790853500366,0.8270817995071411,0.3242628872394562,0.6686686873435974,0.3707221746444702,0.6896000504493713,0.4097020626068115,0.6941248774528503,0.44115349650382996,0.6925962567329407,0.2882435917854309,0.6570895910263062,0.32306721806526184,0.7768818736076355,0.30632343888282776,0.8055756092071533,0.2902838885784149,0.7949538230895996,0.2504570782184601,0.671502411365509,0.2785392105579376,0.7837404608726501,0.264175683259964,0.786202609539032,0.2541730999946594,0.7599905133247375,0.21539577841758728,0.6966574788093567,0.24076229333877563,0.7786417007446289,0.23835378885269165,0.777829647064209,0.23362556099891663,0.7508414387702942
3,0.1623416543006897,0.7718731164932251,0.2181556522846222,0.7759848237037659,0.2600924074649811,0.7899665236473083,0.2688428461551666,0.8221111297607422,0.2499096542596817,0.847442626953125,0.2613050937652588,0.7167530655860901,0.29941457509994507,0.7195852994918823,0.3277897238731384,0.7174746990203857,0.3522075116634369,0.7101657390594482,0.22865355014801025,0.705613911151886,0.2520837187767029,0.7818990349769592,0.253383070230484,0.8024330735206604,0.2510813772678375,0.8025250434875488,0.19540518522262573,0.717125654220581,0.2228296548128128,0.8194449543952942,0.22434228658676147,0.8287003636360168,0.21908073127269745,0.8142825365066528,0.16766291856765747,0.7428264617919922,0.1941802054643631,0.8228495121002197,0.1984800398349762,0.8254703283309937,0.1958291232585907,0.8093230724334717
3,0.1836860030889511,0.8100484013557434,0.24289339780807495,0.8077816963195801,0.2932974398136139,0.8404791951179504,0.3181184232234955,0.897265613079071,0.3168243169784546,0.9453885555267334,0.2958024740219116,0.7807833552360535,0.34489741921424866,0.8081566691398621,0.384538471698761,0.8170477151870728,0.4201139211654663,0.8227135539054871,0.2677745223045349,0.7806440591812134,0.30743515491485596,0.9025952219963074,0.3040189743041992,0.9348053932189941,0.29522523283958435,0.938470184803009,0.2354549765586853,0.8044607639312744,0.2698829770088196,0.9165633320808411,0.25658732652664185,0.9058644771575928,0.24548807740211487,0.8777730464935303,0.2055714726448059,0.8386515974998474,0.23757246136665344,0.9180131554603577,0.23169007897377014,0.902189314365387,0.2239043116569519,0.8733519911766052
3,0.22866015136241913,0.8251290917396545,0.2698144316673279,0.809567391872406,0.3104363977909088,0.7812422513961792,0.34852829575538635,0.7728737592697144,0.385412335395813,0.793278157711029,0.28926900029182434,0.6812058091163635,0.2707695960998535,0.6340392827987671,0.2623969614505768,0.6777679324150085,0.270821213722229,0.696323573589325,0.2554793655872345,0.6736156940460205,0.23200178146362305,0.638126790523529,0.23019728064537048,0.6962884068489075,0.24690449237823486,0.708419919013977,0.22528964281082153,0.675315260887146,0.2026623785495758,0.647778332233429,0.20683804154396057,0.7013643383979797,0.22477373480796814,0.710477888584137,0.19739991426467896,0.6867677569389343,0.17958354949951172,0.6647242307662964,0.18431900441646576,0.7006059885025024,0.19685803353786469,0.7072068452835083
3,0.2705448269844055,0.7994846105575562,0.3195754289627075,0.7702523469924927,0.3560526371002197,0.7330279350280762,0.38622283935546875,0.700130045413971,0.41561561822891235,0.6943325996398926,0.32076093554496765,0.6416748762130737,0.3093573749065399,0.5935996174812317,0.3087637424468994,0.6488239765167236,0.31852707266807556,0.6638002395629883,0.2856331765651703,0.6396304368972778,0.2704063057899475,0.594549298286438,0.27546432614326477,0.668109655380249,0.2908588647842407,0.6700277924537659,0.25433823466300964,0.6485187411308289,0.23943427205085754,0.6110951900482178,0.24857184290885925,0.6796492338180542,0.26157093048095703,0.6819096803665161,0.22673584520816803,0.6674181222915649,0.2122480869293213,0.6363650560379028,0.22245515882968903,0.6809183359146118,0.23236340284347534,0.6866620182991028
3,0.24317964911460876,0.7864360809326172,0.28152450919151306,0.759503960609436,0.31117743253707886,0.7246729731559753,0.33827340602874756,0.6943667531013489,0.36895275115966797,0.6912211179733276,0.28780168294906616,0.6340958476066589,0.2724940776824951,0.5890206098556519,0.2715844511985779,0.6386442184448242,0.2824860215187073,0.6503921151161194,0.2562424838542938,0.6343351602554321,0.2362656444311142,0.594122588634491,0.2410278618335724,0.6596487760543823,0.25842106342315674,0.6609054803848267,0.2283792495727539,0.6426087617874146,0.20947304368019104,0.609777569770813,0.21856051683425903,0.6700689792633057,0.23350322246551514,0.6705960035324097,0.20329459011554718,0.6586759090423584,0.1877022087574005,0.6335657835006714,0.19730518758296967,0.6735488176345825,0.20828908681869507,0.67580246925354
3,0.28869810700416565,0.7964547872543335,0.3439267873764038,0.7702049016952515,0.3870812654495239,0.7318676710128784,0.4259645938873291,0.7016382217407227,0.46124503016471863,0.7007821202278137,0.35644352436065674,0.634713351726532,0.3458198010921478,0.5828914642333984,0.34105294942855835,0.6440819501876831,0.3497332036495209,0.6589107513427734,0.3206014335155487,0.6303662061691284,0.30861181020736694,0.5816940069198608,0.30836614966392517,0.6596660017967224,0.323744535446167,0.6574991345405579,0.28802454471588135,0.6365699768066406,0.2768835127353668,0.5960302948951721,0.28141850233078003,0.6699632406234741,0.294033944606781,0.6698703765869141,0.25858280062675476,0.653086245059967,0.247739776968956,0.621252715587616,0.25606033205986023,0.6702998280525208,0.26512739062309265,0.6752644777297974
3,0.2963845133781433,0.8766266107559204,0.3431132733821869,0.854034423828125,0.3819638192653656,0.8223860859870911,0.41622912883758545,0.8004047274589539,0.4485238790512085,0.8038302659988403,0.34945714473724365,0.7220627665519714,0.3403959572315216,0.6785302758216858,0.3376826345920563,0.7357417941093445,0.34611979126930237,0.750002920627594,0.314689040184021,0.7202968597412109,0.30337464809417725,0.6790852546691895,0.3049769103527069,0.7513938546180725,0.3173810839653015,0.7513570189476013,0.2837013602256775,0.7283735871315002,0.2732069492340088,0.696932315826416,0.28028860688209534,0.7650951147079468,0.2906792163848877,0.7648833394050598,0.25521355867385864,0.7455068826675415,0.2450276017189026,0.7185186743736267,0.2539992034435272,0.7622209191322327,0.260303258895874,0.7645237445831299
3,0.24841226637363434,0.8687530755996704,0.28248506784439087,0.8553069829940796,0.3148539960384369,0.8274040818214417,0.34388697147369385,0.814212441444397,0.37438270449638367,0.8253917098045349,0.3010411262512207,0.7245635986328125,0.28897589445114136,0.6917477250099182,0.28251492977142334,0.7379469871520996,0.2878109812736511,0.7497018575668335,0.26950782537460327,0.7173621654510498,0.24928928911685944,0.7022950649261475,0.25001978874206543,0.7640564441680908,0.2648076117038727,0.7635955810546875,0.24049291014671326,0.723179817199707,0.2199268639087677,0.7146219611167908,0.22954832017421722,0.7733523845672607,0.24567745625972748,0.773246705532074,0.21471047401428223,0.7389799952507019,0.1981561779975891,0.7332112193107605,0.20798808336257935,0.7727804183959961,0.22070711851119995,0.772369921207428
3,0.2887335419654846,0.798864483833313,0.34218546748161316,0.775244414806366,0.38827747106552124,0.7423918843269348,0.4289545714855194,0.7243310213088989,0.4660590887069702,0.7327347993850708,0.3503034710884094,0.6505335569381714,0.3401961326599121,0.6231833696365356,0.336349755525589,0.6766296029090881,0.3429121971130371,0.6842252016067505,0.3155643939971924,0.6475382447242737,0.3053646981716156,0.6241388320922852,0.3060931861400604,0.6873685121536255,0.315742164850235,0.682213306427002,0.2845798134803772,0.651858925819397,0.276231050491333,0.6376482844352722,0.28218764066696167,0.6966200470924377,0.2901986539363861,0.6907309889793396,0.25511080026626587,0.6649141311645508,0.2511521875858307,0.6566025018692017,0.2606388330459595,0.6984918117523193,0.2655788064002991,0.6956725716590881
3,0.30360037088394165,0.7864054441452026,0.3582230508327484,0.7602035999298096,0.40430715680122375,0.7220235466957092,0.4447830319404602,0.7009510397911072,0.48263585567474365,0.7079499363899231,0.3599621057510376,0.6408563852310181,0.35211634635925293,0.602654218673706,0.3502415716648102,0.660291850566864,0.35551217198371887,0.6715526580810547,0.3236421048641205,0.6400424838066101,0.31660452485084534,0.6052604913711548,0.31892403960227966,0.673213541507721,0.3272033929824829,0.6717005372047424,0.2920439541339874,0.6462850570678711,0.28551578521728516,0.6206806302070618,0.2934296131134033,0.683310329914093,0.30022525787353516,0.6802341938018799,0.26224005222320557,0.6598513722419739,0.25981003046035767,0.6401695013046265,0.2707354724407196,0.6823157072067261,0.2745654284954071,0.6819403767585754
4,0.43079137802124023,0.9873825907707214,0.37586671113967896,0.9339370727539062,0.33533746004104614,0.8792166709899902,0.2946838438510895,0.839871346950531,0.2510985732078552,0.8313806056976318,0.3518151044845581,0.777469277381897,0.4074566066265106,0.7207737565040588,0.4158644676208496,0.756998598575592,0.4049825966358185,0.7846847176551819,0.38729122281074524,0.7793382406234741,0.44320181012153625,0.7191523909568787,0.4499470889568329,0.7636373043060303,0.4349505305290222,0.7966694235801697,0.4266297519207001,0.7952851057052612,0.47950276732444763,0.7440767288208008,0.482263445854187,0.789313554763794,0.46352311968803406,0.8148489594459534,0.4679543375968933,0.8175053000450134,0.506112277507782,0.7801065444946289,0.5029373168945312,0.8184855580329895,0.4841713607311249,0.8412551879882812
4,0.4545058012008667,0.8902248740196228,0.40484389662742615,0.8368176817893982,0.3615915775299072,0.7864767909049988,0.31835731863975525,0.7543745636940002,0.27735620737075806,0.7554020285606384,0.3831026256084442,0.6686826944351196,0.43800342082977295,0.63953697681427,0.44764646887779236,0.6724196672439575,0.43682897090911865,0.6959756016731262,0.4192737340927124,0.6608687043190002,0.4718230962753296,0.6395660638809204,0.4806038439273834,0.6741533279418945,0.4705287218093872,0.7017754316329956,0.4602084457874298,0.6726181507110596,0.5031213760375977,0.656830370426178,0.5084211826324463,0.6879113912582397,0.4975360035896301,0.7098492383956909,0.5012069940567017,0.6909671425819397,0.5307910442352295,0.6800543665885925,0.5272468328475952,0.7089340090751648,0.5124490857124329,0.7301257252693176
4,0.36962130665779114,0.838961660861969,0.3267963230609894,0.7940266728401184,0.29832515120506287,0.752228856086731,0.27317777276039124,0.723746120929718,0.24285560846328735,0.7259511947631836,0.29298239946365356,0.6400004029273987,0.3469769358634949,0.6270318627357483,0.35806354880332947,0.6549181342124939,0.34756162762641907,0.6746196746826172,0.3225327432155609,0.6279467940330505,0.3800295293331146,0.6238212585449219,0.3898099958896637,0.6563541889190674,0.38002586364746094,0.6792870163917542,0.3588009476661682,0.6368720531463623,0.4115560054779053,0.6397085189819336,0.4156269431114197,0.6719468235969543,0.4054800271987915,0.687271237373352,0.39525866508483887,0.6527038216590881,0.43657606840133667,0.6632343530654907,0.4350805878639221,0.6910635828971863,0.4207695722579956,0.702461302280426
4,0.3073963522911072,0.8479412198066711,0.2819782495498657,0.784205973148346,0.27667132019996643,0.7260371446609497,0.28913578391075134,0.6832292079925537,0.30066484212875366,0.6670225262641907,0.23569726943969727,0.6615384817123413,0.293509840965271,0.6357749700546265,0.3057847321033478,0.6612280607223511,0.29828953742980957,0.6808195114135742,0.25479182600975037,0.6543959975242615,0.32229912281036377,0.6381144523620605,0.33119288086891174,0.6706403493881226,0.31990984082221985,0.6874804496765137,0.28413984179496765,0.6598914861679077,0.3500857949256897,0.6533985137939453,0.3517407178878784,0.6920830011367798,0.33847230672836304,0.7075213193893433,0.31604984402656555,0.6707627773284912,0.37049853801727295,0.6735196709632874,0.3657870590686798,0.7098891735076904,0.34691333770751953,0.7253207564353943
4,0.36662203073501587,0.8540241718292236,0.3113974630832672,0.8073785305023193,0.26768094301223755,0.7533093094825745,0.22218620777130127,0.7186304926872253,0.17501647770404816,0.7114899158477783,0.3161415159702301,0.6500034928321838,0.3243594765663147,0.6459329128265381,0.330053448677063,0.6794179677963257,0.3308919370174408,0.7029848694801331,0.36053064465522766,0.6463214159011841,0.361690878868103,0.6405541300773621,0.3637266755104065,0.6675453782081604,0.3636302947998047,0.6947457790374756,0.39942142367362976,0.661170482635498,0.3964041769504547,0.6540391445159912,0.3955310881137848,0.6768410205841064,0.3932119905948639,0.6997605562210083,0.43372559547424316,0.6819100975990295,0.4258323311805725,0.6741776466369629,0.4203929901123047,0.6960959434509277,0.41700616478919983,0.715447723865509
4,0.30545955896377563,0.8614982962608337,0.2556344270706177,0.8078269958496094,0.21749037504196167,0.7533473968505859,0.17653951048851013,0.7205135226249695,0.13302354514598846,0.714710533618927,0.26864093542099,0.6413140892982483,0.3003881871700287,0.6500290036201477,0.30473214387893677,0.6783926486968994,0.2973918318748474,0.6944400668144226,0.31077659130096436,0.6466021537780762,0.33317801356315613,0.655301570892334,0.33289891481399536,0.6824512481689453,0.3233276307582855,0.7068163752555847,0.3482212722301483,0.6697952151298523,0.36127910017967224,0.678706705570221,0.35976648330688477,0.700501561164856,0.3515728712081909,0.7211817502975464,0.3806341290473938,0.6997140049934387,0.38571563363075256,0.70646071434021,0.37960606813430786,0.7300345301628113,0.3711232542991638,0.7490983605384827
4,0.3210484981536865,0.9354691505432129,0.2682431936264038,0.886573076248169,0.22770503163337708,0.8408211469650269,0.18630902469158173,0.8109616041183472,0.14719194173812866,0.806929886341095,0.2653075158596039,0.730730414390564,0.3046654462814331,0.7075350284576416,0.31116318702697754,0.7353772521018982,0.30200889706611633,0.7579212188720703,0.305134654045105,0.7271105647087097,0.340151309967041,0.7114976048469543,0.3450632393360138,0.7464662194252014,0.33522623777389526,0.7763339877128601,0.34304341673851013,0.7417367100715637,0.3682774305343628,0.7336328625679016,0.3700571060180664,0.7649202942848206,0.35907602310180664,0.7889881730079651,0.37738028168678284,0.765275239944458,0.39440447092056274,0.7659982442855835,0.39046379923820496,0.7954599857330322,0.37872767448425293,0.8158340454101562
4,0.46687692403793335,0.8887061476707458,0.4164270758628845,0.8783384561538696,0.3703683018684387,0.8502187132835388,0.34702780842781067,0.8079603910446167,0.34509018063545227,0.7763991951942444,0.3187532126903534,0.8721148371696472,0.23886951804161072,0.8707010746002197,0.19038085639476776,0.8592812418937683,0.15016911923885345,0.8509864807128906,0.33203357458114624,0.8500381708145142,0.33133503794670105,0.7368797063827515,0.36179906129837036,0.730035126209259,0.37332332134246826,0.7531498074531555,0.35656383633613586,0.8146620988845825,0.37412065267562866,0.7169450521469116,0.40267062187194824,0.7300798296928406,0.4126451015472412,0.75954270362854,0.3879934549331665,0.7758505344390869,0.4116215705871582,0.7122768759727478,0.4359477758407593,0.7261039018630981,0.44251400232315063,0.7492934465408325
4,0.5501840114593506,0.853641152381897,0.4914778470993042,0.8414322733879089,0.4420182406902313,0.8043676018714905,0.4185331463813782,0.7530244588851929,0.41665536165237427,0.7149548530578613,0.39364930987358093,0.822813868522644,0.30991244316101074,0.8134822845458984,0.26054900884628296,0.7973735332489014,0.22124026715755463,0.7868281006813049,0.4142206907272339,0.7905315160751343,0.40771913528442383,0.6886008381843567,0.4359700381755829,0.6949202418327332,0.44559362530708313,0.7260554432868958,0.44430163502693176,0.7513082027435303,0.44989901781082153,0.6708530187606812,0.4742802381515503,0.6951724886894226,0.48269158601760864,0.7296231389045715,0.479126513004303,0.7151373624801636,0.48599326610565186,0.6678963303565979,0.505835235118866,0.6914297342300415,0.5100180506706238,0.7192196846008301
4,0.5835775136947632,0.804038405418396,0.5200633406639099,0.794241189956665,0.47100794315338135,0.7602227330207825,0.45335492491722107,0.7210347056388855,0.45198071002960205,0.6887948513031006,0.4228619933128357,0.7628061771392822,0.33891090750694275,0.741804838180542,0.2900505065917969,0.722743034362793,0.2542022466659546,0.70663982629776,0.4427938163280487,0.7221530675888062,0.43245017528533936,0.6382632255554199,0.45853498578071594,0.6503177881240845,0.46807506680488586,0.6809117197990417,0.47193124890327454,0.6809322834014893,0.4676401615142822,0.6271094679832458,0.49034371972084045,0.6473309993743896,0.5004823207855225,0.6762428879737854,0.5040013194084167,0.6451746821403503,0.5050950050354004,0.6237086057662964,0.5246257781982422,0.6461020708084106,0.5304323434829712,0.6691338419914246
4,0.5374411940574646,0.8076203465461731,0.46818217635154724,0.7868446111679077,0.4206938147544861,0.7588356137275696,0.39961275458335876,0.7252867817878723,0.3932504951953888,0.7034117579460144,0.37453800439834595,0.7514922618865967,0.2986816167831421,0.7285357713699341,0.2566329836845398,0.7167056798934937,0.2243441492319107,0.7123372554779053,0.3910021185874939,0.7141943573951721,0.37996038794517517,0.6616048812866211,0.4070056974887848,0.6689709424972534,0.4170593321323395,0.6907042264938354,0.41931861639022827,0.6778689026832581,0.4122368097305298,0.6445382833480835,0.43540364503860474,0.6567628383636475,0.44571489095687866,0.6772031784057617,0.45132794976234436,0.6428563594818115,0.4417451024055481,0.6314971446990967,0.46091610193252563,0.6509258151054382,0.4726518988609314,0.6690043807029724
4,0.4883067309856415,0.8376833200454712,0.4277478754520416,0.8104239702224731,0.3839518129825592,0.7825641632080078,0.36425232887268066,0.7500753998756409,0.36132267117500305,0.7240528464317322,0.32942289113998413,0.7765821218490601,0.2641228437423706,0.7533817291259766,0.22610294818878174,0.7390967607498169,0.19535920023918152,0.7357279062271118,0.33955156803131104,0.7441751956939697,0.35028520226478577,0.676079511642456,0.38071638345718384,0.6818879246711731,0.3903748095035553,0.7100169658660889,0.3648197650909424,0.7099061608314514,0.38630223274230957,0.660637617111206,0.4122723937034607,0.6755619049072266,0.41958141326904297,0.7030928730964661,0.3954554796218872,0.6763889789581299,0.41658997535705566,0.6503169536590576,0.4395740032196045,0.6691460609436035,0.4463512897491455,0.6912481188774109
4,0.44874295592308044,0.8783573508262634,0.3936134874820709,0.8449109792709351,0.3546799421310425,0.8186607956886292,0.336445689201355,0.7847520112991333,0.3310384750366211,0.7538226246833801,0.29659196734428406,0.8218391537666321,0.23340073227882385,0.8039069175720215,0.1982300728559494,0.7903275489807129,0.17206333577632904,0.7843602299690247,0.30233997106552124,0.7949138879776001,0.3179556727409363,0.7096236348152161,0.35262590646743774,0.7124776244163513,0.3663939833641052,0.7416848540306091,0.3236643970012665,0.7599020004272461,0.354841947555542,0.6906583309173584,0.3877253830432892,0.7066584229469299,0.40025559067726135,0.7374094724655151,0.3510369062423706,0.7244923710823059,0.38267016410827637,0.679565966129303,0.411132276058197,0.6991435885429382,0.4202812910079956,0.7271206974983215
4,0.4226565659046173,0.910304069519043,0.3630806505680084,0.8836039304733276,0.32133615016937256,0.8571801781654358,0.2957964837551117,0.8183050155639648,0.28302663564682007,0.7920702695846558,0.2721731662750244,0.8578726053237915,0.2388049066066742,0.8159990906715393,0.23983412981033325,0.8075792193412781,0.24019783735275269,0.8141158223152161,0.28190696239471436,0.8289307355880737,0.2994605600833893,0.7549179196357727,0.3242362141609192,0.7582797408103943,0.33584704995155334,0.7836508750915527,0.3055962026119232,0.7957570552825928,0.33468517661094666,0.729578971862793,0.3610560894012451,0.7420245409011841,0.3722972869873047,0.7705892324447632,0.3343997001647949,0.7608935236930847,0.36327213048934937,0.7129571437835693,0.38603416085243225,0.7295631766319275,0.3952611982822418,0.7546511292457581
4,0.8093830347061157,0.8112035989761353,0.7437187433242798,0.7839254140853882,0.697085440158844,0.7380837202072144,0.6568522453308105,0.7078724503517151,0.6180471777915955,0.7003815174102783,0.7468827366828918,0.6226328611373901,0.6920627951622009,0.6138503551483154,0.6920723915100098,0.6607158780097961,0.7086194157600403,0.6884767413139343,0.7872345447540283,0.6151742935180664,0.7252058386802673,0.6136992573738098,0.7225039601325989,0.6525399684906006,0.7371359467506409,0.6782570481300354,0.815808117389679,0.6245572566986084,0.7598665952682495,0.6167641282081604,0.7524996399879456,0.6497647166252136,0.7626714110374451,0.6748624444007874,0.8362650871276855,0.6413163542747498,0.7896698713302612,0.6278607249259949,0.7809534072875977,0.6510459780693054,0.7885516285896301,0.6691406965255737
4,0.870200514793396,0.8450621366500854,0.7934303879737854,0.7996132373809814,0.735816478729248,0.7566203474998474,0.6828066110610962,0.723882794380188,0.6354576349258423,0.7124694585800171,0.7945217490196228,0.6207009553909302,0.7774456739425659,0.6167812347412109,0.7796546816825867,0.6587701439857483,0.7885627150535583,0.6896163821220398,0.8425595760345459,0.6121330261230469,0.8175384402275085,0.6128779649734497,0.8181124925613403,0.645389199256897,0.8272784948348999,0.671332061290741,0.8820056915283203,0.6228145360946655,0.8588266372680664,0.6197720766067505,0.8576849699020386,0.6494198441505432,0.8625950813293457,0.6754199266433716,0.9184917211532593,0.6380023956298828,0.8952057361602783,0.6350236535072327,0.8901997804641724,0.662678062915802,0.8928477764129639,0.6823780536651611
4,0.86153644323349,0.8822973370552063,0.7862234115600586,0.8331000208854675,0.7309569120407104,0.7867246866226196,0.6800866723060608,0.7582043409347534,0.6333876252174377,0.7507530450820923,0.7929946780204773,0.6586306691169739,0.7859284281730652,0.6570124626159668,0.7873975038528442,0.6991012096405029,0.7921122908592224,0.7282203435897827,0.8429743647575378,0.6542098522186279,0.8261467814445496,0.6636950373649597,0.8267889022827148,0.6985772252082825,0.8333998322486877,0.7232934832572937,0.8850909471511841,0.6678509712219238,0.8642857074737549,0.6751464009284973,0.8616871237754822,0.706497073173523,0.8648294806480408,0.7308294773101807,0.9238313436508179,0.6862717866897583,0.9022301435470581,0.6910891532897949,0.896573543548584,0.7211770415306091,0.8976866602897644,0.7405544519424438
4,0.7758374214172363,0.7151002287864685,0.7038679718971252,0.6957910060882568,0.6436740159988403,0.6520572304725647,0.5939856171607971,0.6307023167610168,0.5478026270866394,0.6394398808479309,0.6884788274765015,0.570885181427002,0.6821051239967346,0.5134548544883728,0.6907579898834229,0.5801887512207031,0.6976258754730225,0.6265319585800171,0.7319444417953491,0.5595803260803223,0.722891628742218,0.5113749504089355,0.7286425828933716,0.5863911509513855,0.7340472936630249,0.6282901763916016,0.7744427919387817,0.5599443912506104,0.7664912939071655,0.5168458819389343,0.7638837099075317,0.5877594351768494,0.7627115249633789,0.6295105218887329,0.814597487449646,0.5693328976631165,0.8083399534225464,0.5313511490821838,0.8003049492835999,0.5779936909675598,0.7967020273208618,0.6153581738471985
4,0.6812527179718018,0.7123896479606628,0.6123864650726318,0.6920035481452942,0.5496471524238586,0.6462171077728271,0.4956204891204834,0.625153660774231,0.4436566233634949,0.6296071410179138,0.5936552882194519,0.5630354285240173,0.5819138884544373,0.5070618987083435,0.5937426090240479,0.5735104084014893,0.60459965467453,0.6212671399116516,0.6355016827583313,0.550701916217804,0.6214773654937744,0.4988104999065399,0.6302087903022766,0.576297402381897,0.6390843391418457,0.6184393763542175,0.6772635579109192,0.5487983226776123,0.6669485569000244,0.5046407580375671,0.6661900281906128,0.5786916613578796,0.6688727140426636,0.6204302906990051,0.7170776724815369,0.556451678276062,0.7082239985466003,0.5293208956718445,0.6991425156593323,0.5804957151412964,0.6954693794250488,0.6144429445266724
4,0.5747581124305725,0.7118543982505798,0.503661036491394,0.6907750964164734,0.4420821964740753,0.6467690467834473,0.3893964886665344,0.6268515586853027,0.33948826789855957,0.6335377097129822,0.4866534471511841,0.5514282584190369,0.4663768708705902,0.5083687901496887,0.4809603989124298,0.5698348879814148,0.49708136916160583,0.6149908900260925,0.5272685885429382,0.5418165922164917,0.5041607022285461,0.5003879070281982,0.515072762966156,0.5703391432762146,0.5287783741950989,0.6146160960197449,0.5672295689582825,0.5409592390060425,0.5455477237701416,0.5091509819030762,0.5454478859901428,0.5749814510345459,0.5517444610595703,0.6168131232261658,0.607481837272644,0.5491923689842224,0.5887326598167419,0.5298876762390137,0.5788403749465942,0.5762706398963928,0.5771942734718323,0.6103293895721436
4,0.4923088550567627,0.706110417842865,0.41934627294540405,0.6863480806350708,0.35861819982528687,0.6447427868843079,0.30534327030181885,0.6243542432785034,0.25768980383872986,0.6301202178001404,0.40747377276420593,0.5537785887718201,0.3801495432853699,0.5107072591781616,0.39464592933654785,0.5766426920890808,0.4112135171890259,0.6214472651481628,0.4469749331474304,0.5401805639266968,0.4154508411884308,0.5042223334312439,0.42853307723999023,0.5784052610397339,0.4462440013885498,0.6167761087417603,0.48638176918029785,0.5378565192222595,0.457070916891098,0.5104360580444336,0.4591478109359741,0.5832966566085815,0.46885308623313904,0.6205556988716125,0.5252776145935059,0.544567346572876,0.5010446310043335,0.5297232270240784,0.491651713848114,0.5821723937988281,0.4934901297092438,0.6131792068481445
4,0.4529557228088379,0.7561795711517334,0.37828683853149414,0.7196740508079529,0.32314926385879517,0.6636534929275513,0.2733916640281677,0.6338241696357727,0.22659990191459656,0.6338662505149841,0.3770264685153961,0.5683243870735168,0.3468897044658661,0.523971676826477,0.35111719369888306,0.5792215466499329,0.36434537172317505,0.614011287689209,0.4115953743457794,0.5600298047065735,0.37969014048576355,0.5245810747146606,0.3890824615955353,0.598090648651123,0.4062270224094391,0.6313068866729736,0.4481433033943176,0.5593100190162659,0.4204750061035156,0.5300921201705933,0.4217424690723419,0.600931704044342,0.4348037540912628,0.6330261826515198,0.4874815344810486,0.5662194490432739,0.4645443260669708,0.5413606762886047,0.4569116234779358,0.588218092918396,0.4635379910469055,0.6173197031021118
4,0.41333627700805664,0.8608117699623108,0.3437744975090027,0.8377186059951782,0.28264129161834717,0.7887581586837769,0.22896116971969604,0.7739489674568176,0.1823689341545105,0.7864878177642822,0.3232598900794983,0.6677391529083252,0.29429858922958374,0.6652511358261108,0.31090816855430603,0.7309139370918274,0.327044278383255,0.7701019048690796,0.36167311668395996,0.6527479887008667,0.32465511560440063,0.6674055457115173,0.3426137864589691,0.7436695098876953,0.36089059710502625,0.7755019664764404,0.3993300497531891,0.653444766998291,0.3619954288005829,0.6741220355033875,0.37072935700416565,0.7494446039199829,0.38346782326698303,0.7804502844810486,0.43707019090652466,0.6662198305130005,0.4028148949146271,0.6823698282241821,0.3986824154853821,0.7398166656494141,0.4053461253643036,0.7667633295059204
4,0.5809948444366455,0.9050488471984863,0.5126696825027466,0.9081391096115112,0.4414106607437134,0.8752800226211548,0.3827536404132843,0.8578774333000183,0.3391401469707489,0.8619091510772705,0.47219106554985046,0.7701821327209473,0.4580205976963043,0.7107299566268921,0.46560028195381165,0.7362046241760254,0.47262370586395264,0.7687077522277832,0.505673348903656,0.7525653839111328,0.48605167865753174,0.7346462607383728,0.5040035843849182,0.8042330145835876,0.5216659307479858,0.8456549048423767,0.5386850833892822,0.7463947534561157,0.522034764289856,0.7427099347114563,0.5341516733169556,0.8142820596694946,0.5482673048973083,0.8547971844673157,0.5726608633995056,0.7477849721908569,0.5554326772689819,0.7439590692520142,0.5585522651672363,0.7979228496551514,0.5679170489311218,0.8276516795158386
4,0.6594983339309692,0.9194225668907166,0.5793276429176331,0.9013218283653259,0.5092621445655823,0.8599715232849121,0.45878273248672485,0.8341067433357239,0.42091071605682373,0.8296974897384644,0.5301228165626526,0.7531315088272095,0.49708446860313416,0.6841170191764832,0.4872307777404785,0.6913408637046814,0.4863782227039337,0.7174269556999207,0.5722041726112366,0.7379090785980225,0.5536109209060669,0.6987844705581665,0.5655921101570129,0.7570950984954834,0.5785984396934509,0.7946081161499023,0.615458071231842,0.738160252571106,0.6035232543945312,0.714857816696167,0.6082427501678467,0.7766926288604736,0.6160440444946289,0.812716543674469,0.658684253692627,0.7495956420898438,0.6462807059288025,0.7268661260604858,0.6438416242599487,0.7739861607551575,0.6425577402114868,0.8066238760948181
4,0.7435005903244019,0.8842679262161255,0.674642026424408,0.8661300539970398,0.6175537109375,0.8261072635650635,0.5717843770980835,0.8066123127937317,0.5283907651901245,0.8140591979026794,0.6594910025596619,0.7460178136825562,0.6459348201751709,0.6975024938583374,0.6579788327217102,0.7584642171859741,0.6684350371360779,0.8020724654197693,0.6996263265609741,0.7328449487686157,0.6827248930931091,0.6919528245925903,0.6929411888122559,0.7633442282676697,0.7032296657562256,0.8032402992248535,0.7385265827178955,0.7299511432647705,0.7246280908584595,0.697861909866333,0.726179301738739,0.7675513029098511,0.7308628559112549,0.8062950372695923,0.7761531472206116,0.7360523343086243,0.7642832398414612,0.7080870270729065,0.7595646381378174,0.7570466995239258,0.7606510519981384,0.7913426160812378
4,0.9123204946517944,0.7928140759468079,0.8433012366294861,0.8073908090591431,0.7926813960075378,0.8008200526237488,0.7497908473014832,0.803403377532959,0.7244353294372559,0.8068444728851318,0.758717954158783,0.6905838251113892,0.6943367123603821,0.6998560428619385,0.649057149887085,0.7007624506950378,0.6103984117507935,0.699106752872467,0.7775408029556274,0.671259880065918,0.750800609588623,0.785609245300293,0.781890869140625,0.8086917400360107,0.7967691421508789,0.7898949980735779,0.8039096593856812,0.6853492856025696,0.7862242460250854,0.801906168460846,0.813840389251709,0.8119972348213196,0.8248355388641357,0.7919357419013977,0.8307064175605774,0.7140182852745056,0.8158457279205322,0.8079308867454529,0.8355593085289001,0.8207008242607117,0.8488445281982422,0.8055175542831421
4,0.8378739953041077,0.7787684798240662,0.7677521705627441,0.7897749543190002,0.7109814286231995,0.7846302390098572,0.665482759475708,0.78975909948349,0.6364542841911316,0.7864728569984436,0.6739964485168457,0.6706930994987488,0.6074700355529785,0.6856140494346619,0.5554017424583435,0.6934925317764282,0.5129399299621582,0.6977879405021667,0.6879547238349915,0.6545408964157104,0.6565011143684387,0.7715213298797607,0.6911044120788574,0.8015882968902588,0.7126420140266418,0.7889849543571472,0.7090488076210022,0.6702092885971069,0.687073826789856,0.7893449068069458,0.7203003764152527,0.808075487613678,0.7381985187530518,0.7953284978866577,0.7303107976913452,0.6998405456542969,0.7118316888809204,0.7993112206459045,0.7377467751502991,0.8169646263122559,0.756544291973114,0.8040379881858826
4,0.7633013725280762,0.767144501209259,0.6782068610191345,0.7697441577911377,0.6178194284439087,0.7675704956054688,0.5719467401504517,0.773613691329956,0.5380390882492065,0.7786200642585754,0.5746489763259888,0.6511504650115967,0.5122085809707642,0.6738957762718201,0.462992787361145,0.6788030862808228,0.42027947306632996,0.6763361692428589,0.5881174206733704,0.6359667778015137,0.55674809217453,0.7564496994018555,0.592334508895874,0.7795578837394714,0.6071181297302246,0.7571932673454285,0.612366795539856,0.6493557095527649,0.5909406542778015,0.768142819404602,0.6268594264984131,0.7811959385871887,0.6413097977638245,0.7627782225608826,0.6390894055366516,0.6759811639785767,0.6229698657989502,0.7721412181854248,0.6483649611473083,0.7880836725234985,0.6641107797622681,0.7698766589164734
4,0.6653857827186584,0.7283133864402771,0.5814628601074219,0.7590096592903137,0.5112262964248657,0.7690454125404358,0.46749210357666016,0.7569732069969177,0.4607688784599304,0.7121360301971436,0.47332775592803955,0.6081811785697937,0.4061168432235718,0.6121665835380554,0.3576928377151489,0.6218545436859131,0.3163186013698578,0.629088282585144,0.48562687635421753,0.5715436935424805,0.45135951042175293,0.6960939764976501,0.49806731939315796,0.746225118637085,0.5324628353118896,0.7400816082954407,0.5075854659080505,0.5674708485603333,0.48196840286254883,0.699334979057312,0.5260561108589172,0.7390302419662476,0.5563467741012573,0.7335022687911987,0.53452467918396,0.5837656855583191,0.5139176845550537,0.6901106834411621,0.5450745224952698,0.7271606922149658,0.5738226175308228,0.7240554094314575
4,0.6111927032470703,0.7070086598396301,0.5343825817108154,0.7086982727050781,0.4711518883705139,0.6968944072723389,0.4238733947277069,0.6920601725578308,0.3828273415565491,0.6904926300048828,0.4163702130317688,0.5855620503425598,0.3465906083583832,0.6142963171005249,0.29916632175445557,0.6258482933044434,0.25762391090393066,0.6349201798439026,0.4206135869026184,0.5685059428215027,0.3906879425048828,0.6889371871948242,0.441434383392334,0.7156240344047546,0.46891605854034424,0.6992816925048828,0.4317203760147095,0.5766534209251404,0.4194808006286621,0.6997650265693665,0.47217610478401184,0.7242538928985596,0.4960081875324249,0.7147080898284912,0.4484097957611084,0.5920007228851318,0.4356517791748047,0.6928287148475647,0.47551798820495605,0.7180364727973938,0.5011981129646301,0.707901656627655
4,0.5147857666015625,0.8071947693824768,0.43522700667381287,0.8128294944763184,0.37960970401763916,0.8138878345489502,0.3346586227416992,0.8258856534957886,0.29716819524765015,0.8346948623657227,0.33941373229026794,0.7030749320983887,0.26819950342178345,0.7235774993896484,0.22645173966884613,0.7383759617805481,0.1920764446258545,0.7510360479354858,0.3390592336654663,0.7014461755752563,0.3062320649623871,0.8191313743591309,0.3518768548965454,0.839924693107605,0.37717747688293457,0.8150121569633484,0.3426700532436371,0.7248992323875427,0.3170938193798065,0.833884060382843,0.363477498292923,0.8465376496315002,0.3857816755771637,0.8246102333068848,0.3484189510345459,0.7550815939903259,0.3244549632072449,0.8407760858535767,0.3592282235622406,0.8576561808586121,0.3815208673477173,0.8412179946899414
4,0.5082589983940125,0.8531711101531982,0.4407685697078705,0.8740657567977905,0.3885566294193268,0.8770603537559509,0.3462977409362793,0.8863547444343567,0.3114684224128723,0.8930402994155884,0.3546105921268463,0.7736497521400452,0.2903805375099182,0.7777422070503235,0.2510736882686615,0.7866005897521973,0.2212531864643097,0.7944172620773315,0.3583555519580841,0.7633157968521118,0.32821372151374817,0.8773743510246277,0.36625275015830994,0.9035272002220154,0.3923720121383667,0.8897470235824585,0.3661488890647888,0.7785134315490723,0.34508436918258667,0.8901306986808777,0.3837933838367462,0.909081220626831,0.4077894687652588,0.8982549905776978,0.3761439323425293,0.802334725856781,0.3600142002105713,0.8939685225486755,0.38975435495376587,0.9128888845443726,0.41183531284332275,0.904830276966095
4,0.8668287396430969,0.8996369242668152,0.8064228892326355,0.9210769534111023,0.743933379650116,0.9280366897583008,0.6915851831436157,0.9438533186912537,0.6604211926460266,0.9497255086898804,0.7048634886741638,0.8008573055267334,0.6334052681922913,0.8201016783714294,0.5846022367477417,0.8314163684844971,0.5428711771965027,0.8387042880058289,0.7217347621917725,0.7865389585494995,0.6832302212715149,0.914556622505188,0.7189329266548157,0.9366058111190796,0.7388166189193726,0.9142269492149353,0.7464216947555542,0.8071743845939636,0.7200536131858826,0.9388991594314575,0.7553631067276001,0.9461253881454468,0.7713742852210999,0.9187775254249573,0.7728004455566406,0.8411108255386353,0.7596636414527893,0.9530487656593323,0.7855716943740845,0.958975076675415,0.800848662853241,0.9316430687904358
4,0.9314913749694824,0.8230006098747253,0.8533593416213989,0.832219660282135,0.7945355176925659,0.830345094203949,0.7508767247200012,0.8409577012062073,0.7233791351318359,0.8538309931755066,0.766268253326416,0.7073113322257996,0.7001211643218994,0.7228841781616211,0.6479442715644836,0.7338249683380127,0.6028012037277222,0.7393708229064941,0.7882245182991028,0.6864699721336365,0.7564722895622253,0.812221884727478,0.7935059666633606,0.8445123434066772,0.8172757625579834,0.828436553478241,0.8195357322692871,0.7022304534912109,0.7942219972610474,0.8276644349098206,0.8245590329170227,0.8490985631942749,0.8436458110809326,0.8348889350891113,0.8522897362709045,0.7308423519134521,0.8347180485725403,0.8273267149925232,0.8515229821205139,0.8465204834938049,0.8648801445960999,0.8338898420333862
